-- phpMyAdmin SQL Dump
-- version 3.5.1
-- http://www.phpmyadmin.net
--
-- Host: localhost
-- Generation Time: Jul 02, 2018 at 09:32 PM
-- Server version: 5.5.24-log
-- PHP Version: 5.4.3

SET SQL_MODE="NO_AUTO_VALUE_ON_ZERO";
SET time_zone = "+00:00";


/*!40101 SET @OLD_CHARACTER_SET_CLIENT=@@CHARACTER_SET_CLIENT */;
/*!40101 SET @OLD_CHARACTER_SET_RESULTS=@@CHARACTER_SET_RESULTS */;
/*!40101 SET @OLD_COLLATION_CONNECTION=@@COLLATION_CONNECTION */;
/*!40101 SET NAMES utf8 */;

--
-- Database: `dap`
--
CREATE DATABASE `dap` DEFAULT CHARACTER SET latin1 COLLATE latin1_swedish_ci;
USE `dap`;

-- --------------------------------------------------------

--
-- Table structure for table `acumuladores`
--

CREATE TABLE IF NOT EXISTS `acumuladores` (
  `Id` int(11) NOT NULL AUTO_INCREMENT,
  `Fecha` timestamp NOT NULL DEFAULT CURRENT_TIMESTAMP,
  `SemanaAno` int(11) NOT NULL,
  `CantidadPar` int(11) NOT NULL,
  `AlmacenId` int(11) NOT NULL,
  PRIMARY KEY (`Id`),
  KEY `fk_acumulador_almacen` (`AlmacenId`)
) ENGINE=InnoDB DEFAULT CHARSET=utf8 AUTO_INCREMENT=1 ;

-- --------------------------------------------------------

--
-- Table structure for table `almacenes`
--

CREATE TABLE IF NOT EXISTS `almacenes` (
  `Id` int(11) NOT NULL AUTO_INCREMENT,
  `NombreAlmacen` varchar(30) NOT NULL,
  `CapacidadDiaria` int(11) NOT NULL,
  `CapacidadSemanal` int(11) NOT NULL,
  PRIMARY KEY (`Id`)
) ENGINE=InnoDB DEFAULT CHARSET=utf8 AUTO_INCREMENT=1 ;

-- --------------------------------------------------------

--
-- Table structure for table `andenes`
--

CREATE TABLE IF NOT EXISTS `andenes` (
  `Id` int(11) NOT NULL AUTO_INCREMENT,
  `Codigo` varchar(10) NOT NULL,
  `Anden` varchar(20) NOT NULL,
  PRIMARY KEY (`Id`)
) ENGINE=InnoDB  DEFAULT CHARSET=utf8 AUTO_INCREMENT=4 ;

--
-- Dumping data for table `andenes`
--

INSERT INTO `andenes` (`Id`, `Codigo`, `Anden`) VALUES
(1, '0001', '1'),
(2, '0002', '2'),
(3, '0003', '3');

-- --------------------------------------------------------

--
-- Table structure for table `asn`
--

CREATE TABLE IF NOT EXISTS `asn` (
  `Id` int(11) NOT NULL AUTO_INCREMENT,
  `CitaId` int(11) DEFAULT NULL,
  `OrdenNumeroDocumento` varchar(30) NOT NULL,
  `NumeroPosicion` varchar(10) NOT NULL,
  `NumeroMaterial` varchar(30) NOT NULL,
  `NombreMaterial` varchar(200) NOT NULL,
  `Cantidad` int(11) NOT NULL,
  `Tienda` varchar(45) DEFAULT NULL,
  PRIMARY KEY (`Id`),
  KEY `fk_cita_asn_idx` (`CitaId`)
) ENGINE=InnoDB  DEFAULT CHARSET=utf8 AUTO_INCREMENT=3803 ;

--
-- Dumping data for table `asn`
--

INSERT INTO `asn` (`Id`, `CitaId`, `OrdenNumeroDocumento`, `NumeroPosicion`, `NumeroMaterial`, `NombreMaterial`, `Cantidad`, `Tienda`) VALUES
(3415, 57, '4501174883', '00010', '000000000011507101', 'FLEXI 58903 MOCASIN PIEL NEGRO 22.0', 2, '135'),
(3416, 57, '4501174883', '00020', '000000000011507102', 'FLEXI 58903 MOCASIN PIEL NEGRO 22.5', 2, '135'),
(3417, 57, '4501174883', '00030', '000000000011507103', 'FLEXI 58903 MOCASIN PIEL NEGRO 23.0', 4, '135'),
(3418, 57, '4501174883', '00040', '000000000011507104', 'FLEXI 58903 MOCASIN PIEL NEGRO 23.5', 2, '135'),
(3419, 57, '4501174883', '00050', '000000000011507105', 'FLEXI 58903 MOCASIN PIEL NEGRO 24.0', 8, '135'),
(3420, 57, '4501174883', '00060', '000000000011507106', 'FLEXI 58903 MOCASIN PIEL NEGRO 24.5', 3, '135'),
(3421, 57, '4501174883', '00070', '000000000011507107', 'FLEXI 58903 MOCASIN PIEL NEGRO 25.0', 6, '135'),
(3422, 57, '4501174883', '00080', '000000000011507108', 'FLEXI 58903 MOCASIN PIEL NEGRO 25.5', 2, '135'),
(3423, 57, '4501174883', '00090', '000000000011507109', 'FLEXI 58903 MOCASIN PIEL NEGRO 26.0', 3, '135'),
(3424, 57, '4501174883', '00100', '000000000011507110', 'FLEXI 58903 MOCASIN PIEL NEGRO 26.5', 2, '135'),
(3425, 57, '4501174883', '00110', '000000000011507111', 'FLEXI 58903 MOCASIN PIEL NEGRO 27.0', 2, '135'),
(3426, 57, '4501174883', '00120', '000000000014630601', 'FLEXI 15417 FLOR ENTERA NEGRO 22/2, 22.0', 2, '135'),
(3427, 57, '4501174883', '00130', '000000000014630602', 'FLEXI 15417 FLOR ENTERA NEGRO 22/2, 22.5', 2, '135'),
(3428, 57, '4501174883', '00140', '000000000014630603', 'FLEXI 15417 FLOR ENTERA NEGRO 22/2, 23.0', 4, '135'),
(3429, 57, '4501174883', '00150', '000000000014630604', 'FLEXI 15417 FLOR ENTERA NEGRO 22/2, 23.5', 2, '135'),
(3430, 57, '4501174883', '00160', '000000000014630605', 'FLEXI 15417 FLOR ENTERA NEGRO 22/2, 24.0', 6, '135'),
(3431, 57, '4501174883', '00170', '000000000014630606', 'FLEXI 15417 FLOR ENTERA NEGRO 22/2, 24.5', 3, '135'),
(3432, 57, '4501174883', '00180', '000000000014630607', 'FLEXI 15417 FLOR ENTERA NEGRO 22/2, 25.0', 6, '135'),
(3433, 57, '4501174883', '00190', '000000000014630608', 'FLEXI 15417 FLOR ENTERA NEGRO 22/2, 25.5', 2, '135'),
(3434, 57, '4501174883', '00200', '000000000014630609', 'FLEXI 15417 FLOR ENTERA NEGRO 22/2, 26.0', 3, '135'),
(3435, 57, '4501174883', '00210', '000000000014630610', 'FLEXI 15417 FLOR ENTERA NEGRO 22/2, 26.5', 2, '135'),
(3436, 57, '4501174883', '00220', '000000000014630611', 'FLEXI 15417 FLOR ENTERA NEGRO 22/2, 27.0', 2, '135'),
(3437, 57, '4501174883', '00230', '000000000014630701', 'FLEXI 17227 FLOR ENTERA NEGRO 22/2, 22.0', 2, '135'),
(3438, 57, '4501174883', '00240', '000000000014630702', 'FLEXI 17227 FLOR ENTERA NEGRO 22/2, 22.5', 2, '135'),
(3439, 57, '4501174883', '00250', '000000000014630703', 'FLEXI 17227 FLOR ENTERA NEGRO 22/2, 23.0', 6, '135'),
(3440, 57, '4501174883', '00260', '000000000014630704', 'FLEXI 17227 FLOR ENTERA NEGRO 22/2, 23.5', 4, '135'),
(3441, 57, '4501174883', '00270', '000000000014630705', 'FLEXI 17227 FLOR ENTERA NEGRO 22/2, 24.0', 12, '135'),
(3442, 57, '4501174883', '00280', '000000000014630706', 'FLEXI 17227 FLOR ENTERA NEGRO 22/2, 24.5', 6, '135'),
(3443, 57, '4501174883', '00290', '000000000014630707', 'FLEXI 17227 FLOR ENTERA NEGRO 22/2, 25.0', 11, '135'),
(3444, 57, '4501174883', '00300', '000000000014630708', 'FLEXI 17227 FLOR ENTERA NEGRO 22/2, 25.5', 5, '135'),
(3445, 57, '4501174883', '00310', '000000000014630709', 'FLEXI 17227 FLOR ENTERA NEGRO 22/2, 26.0', 7, '135'),
(3446, 57, '4501174883', '00320', '000000000014630710', 'FLEXI 17227 FLOR ENTERA NEGRO 22/2, 26.5', 3, '135'),
(3447, 57, '4501174883', '00330', '000000000014630711', 'FLEXI 17227 FLOR ENTERA NEGRO 22/2, 27.0', 2, '135'),
(3448, 57, '4501174883', '00340', '000000000014630801', 'FLEXI 18119 FLOR ENTERA MARRON 22/, 22.0', 2, '135'),
(3449, 57, '4501174883', '00350', '000000000014630802', 'FLEXI 18119 FLOR ENTERA MARRON 22/, 22.5', 2, '135'),
(3450, 57, '4501174883', '00360', '000000000014630803', 'FLEXI 18119 FLOR ENTERA MARRON 22/, 23.0', 2, '135'),
(3451, 57, '4501174883', '00370', '000000000014630804', 'FLEXI 18119 FLOR ENTERA MARRON 22/, 23.5', 2, '135'),
(3452, 57, '4501174883', '00380', '000000000014630805', 'FLEXI 18119 FLOR ENTERA MARRON 22/, 24.0', 4, '135'),
(3453, 57, '4501174883', '00390', '000000000014630806', 'FLEXI 18119 FLOR ENTERA MARRON 22/, 24.5', 2, '135'),
(3454, 57, '4501174883', '00400', '000000000014630807', 'FLEXI 18119 FLOR ENTERA MARRON 22/, 25.0', 2, '135'),
(3455, 57, '4501174883', '00410', '000000000014630808', 'FLEXI 18119 FLOR ENTERA MARRON 22/, 25.5', 2, '135'),
(3456, 57, '4501174883', '00420', '000000000014630809', 'FLEXI 18119 FLOR ENTERA MARRON 22/, 26.0', 2, '135'),
(3457, 57, '4501174883', '00430', '000000000014630810', 'FLEXI 18119 FLOR ENTERA MARRON 22/, 26.5', 2, '135'),
(3458, 57, '4501174883', '00440', '000000000014630811', 'FLEXI 18119 FLOR ENTERA MARRON 22/, 27.0', 2, '135'),
(3459, 57, '4501174883', '00450', '000000000014630901', 'FLEXI 18119 FLOR ENTERA NEGRO 22/2, 22.0', 2, '135'),
(3460, 57, '4501174883', '00460', '000000000014630902', 'FLEXI 18119 FLOR ENTERA NEGRO 22/2, 22.5', 2, '135'),
(3461, 57, '4501174883', '00470', '000000000014630903', 'FLEXI 18119 FLOR ENTERA NEGRO 22/2, 23.0', 2, '135'),
(3462, 57, '4501174883', '00480', '000000000014630904', 'FLEXI 18119 FLOR ENTERA NEGRO 22/2, 23.5', 2, '135'),
(3463, 57, '4501174883', '00490', '000000000014630905', 'FLEXI 18119 FLOR ENTERA NEGRO 22/2, 24.0', 4, '135'),
(3464, 57, '4501174883', '00500', '000000000014630906', 'FLEXI 18119 FLOR ENTERA NEGRO 22/2, 24.5', 2, '135'),
(3465, 57, '4501174883', '00510', '000000000014630907', 'FLEXI 18119 FLOR ENTERA NEGRO 22/2, 25.0', 2, '135'),
(3466, 57, '4501174883', '00520', '000000000014630908', 'FLEXI 18119 FLOR ENTERA NEGRO 22/2, 25.5', 2, '135'),
(3467, 57, '4501174883', '00530', '000000000014630909', 'FLEXI 18119 FLOR ENTERA NEGRO 22/2, 26.0', 2, '135'),
(3468, 57, '4501174883', '00540', '000000000014630910', 'FLEXI 18119 FLOR ENTERA NEGRO 22/2, 26.5', 2, '135'),
(3469, 57, '4501174883', '00550', '000000000014630911', 'FLEXI 18119 FLOR ENTERA NEGRO 22/2, 27.0', 2, '135'),
(3470, 57, '4501174883', '00560', '000000000014631001', 'FLEXI 19309 NOBUCK TRIGO 22/27, 22.0', 2, '135'),
(3471, 57, '4501174883', '00570', '000000000014631002', 'FLEXI 19309 NOBUCK TRIGO 22/27, 22.5', 2, '135'),
(3472, 57, '4501174883', '00580', '000000000014631003', 'FLEXI 19309 NOBUCK TRIGO 22/27, 23.0', 2, '135'),
(3473, 57, '4501174883', '00590', '000000000014631004', 'FLEXI 19309 NOBUCK TRIGO 22/27, 23.5', 2, '135'),
(3474, 57, '4501174883', '00600', '000000000014631005', 'FLEXI 19309 NOBUCK TRIGO 22/27, 24.0', 3, '135'),
(3475, 57, '4501174883', '00610', '000000000014631006', 'FLEXI 19309 NOBUCK TRIGO 22/27, 24.5', 2, '135'),
(3476, 57, '4501174883', '00620', '000000000014631007', 'FLEXI 19309 NOBUCK TRIGO 22/27, 25.0', 3, '135'),
(3477, 57, '4501174883', '00630', '000000000014631008', 'FLEXI 19309 NOBUCK TRIGO 22/27, 25.5', 2, '135'),
(3478, 57, '4501174883', '00640', '000000000014631009', 'FLEXI 19309 NOBUCK TRIGO 22/27, 26.0', 2, '135'),
(3479, 57, '4501174883', '00650', '000000000014631010', 'FLEXI 19309 NOBUCK TRIGO 22/27, 26.5', 2, '135'),
(3480, 57, '4501174883', '00660', '000000000014631011', 'FLEXI 19309 NOBUCK TRIGO 22/27, 27.0', 2, '135'),
(3481, 57, '4501174883', '00670', '000000000014631101', 'FLEXI 19317 FLOR ENTERA NEGRO 22/2, 22.0', 2, '135'),
(3482, 57, '4501174883', '00680', '000000000014631102', 'FLEXI 19317 FLOR ENTERA NEGRO 22/2, 22.5', 2, '135'),
(3483, 57, '4501174883', '00690', '000000000014631103', 'FLEXI 19317 FLOR ENTERA NEGRO 22/2, 23.0', 2, '135'),
(3484, 57, '4501174883', '00700', '000000000014631104', 'FLEXI 19317 FLOR ENTERA NEGRO 22/2, 23.5', 2, '135'),
(3485, 57, '4501174883', '00710', '000000000014631105', 'FLEXI 19317 FLOR ENTERA NEGRO 22/2, 24.0', 4, '135'),
(3486, 57, '4501174883', '00720', '000000000014631106', 'FLEXI 19317 FLOR ENTERA NEGRO 22/2, 24.5', 2, '135'),
(3487, 57, '4501174883', '00730', '000000000014631107', 'FLEXI 19317 FLOR ENTERA NEGRO 22/2, 25.0', 2, '135'),
(3488, 57, '4501174883', '00740', '000000000014631108', 'FLEXI 19317 FLOR ENTERA NEGRO 22/2, 25.5', 2, '135'),
(3489, 57, '4501174883', '00750', '000000000014631109', 'FLEXI 19317 FLOR ENTERA NEGRO 22/2, 26.0', 2, '135'),
(3490, 57, '4501174883', '00760', '000000000014631110', 'FLEXI 19317 FLOR ENTERA NEGRO 22/2, 26.5', 2, '135'),
(3491, 57, '4501174883', '00770', '000000000014631111', 'FLEXI 19317 FLOR ENTERA NEGRO 22/2, 27.0', 2, '135'),
(3492, 57, '4501174883', '00780', '000000000014631201', 'FLEXI 25520 FLOR ENTERA CHOCOLATE, 22.0', 2, '135'),
(3493, 57, '4501174883', '00790', '000000000014631202', 'FLEXI 25520 FLOR ENTERA CHOCOLATE, 22.5', 2, '135'),
(3494, 57, '4501174883', '00800', '000000000014631203', 'FLEXI 25520 FLOR ENTERA CHOCOLATE, 23.0', 3, '135'),
(3495, 57, '4501174883', '00810', '000000000014631204', 'FLEXI 25520 FLOR ENTERA CHOCOLATE, 23.5', 2, '135'),
(3496, 57, '4501174883', '00820', '000000000014631205', 'FLEXI 25520 FLOR ENTERA CHOCOLATE, 24.0', 5, '135'),
(3497, 57, '4501174883', '00830', '000000000014631206', 'FLEXI 25520 FLOR ENTERA CHOCOLATE, 24.5', 3, '135'),
(3498, 57, '4501174883', '00840', '000000000014631207', 'FLEXI 25520 FLOR ENTERA CHOCOLATE, 25.0', 4, '135'),
(3499, 57, '4501174883', '00850', '000000000014631208', 'FLEXI 25520 FLOR ENTERA CHOCOLATE, 25.5', 2, '135'),
(3500, 57, '4501174883', '00860', '000000000014631209', 'FLEXI 25520 FLOR ENTERA CHOCOLATE, 26.0', 3, '135'),
(3501, 57, '4501174883', '00870', '000000000014631210', 'FLEXI 25520 FLOR ENTERA CHOCOLATE, 26.5', 2, '135'),
(3502, 57, '4501174883', '00880', '000000000014631211', 'FLEXI 25520 FLOR ENTERA CHOCOLATE, 27.0', 2, '135'),
(3503, 57, '4501174883', '00890', '000000000014631301', 'FLEXI 25523 NOBUCK TRIGO 22/27, 22.0', 2, '135'),
(3504, 57, '4501174883', '00900', '000000000014631302', 'FLEXI 25523 NOBUCK TRIGO 22/27, 22.5', 2, '135'),
(3505, 57, '4501174883', '00910', '000000000014631303', 'FLEXI 25523 NOBUCK TRIGO 22/27, 23.0', 4, '135'),
(3506, 57, '4501174883', '00920', '000000000014631304', 'FLEXI 25523 NOBUCK TRIGO 22/27, 23.5', 2, '135'),
(3507, 57, '4501174883', '00930', '000000000014631305', 'FLEXI 25523 NOBUCK TRIGO 22/27, 24.0', 7, '135'),
(3508, 57, '4501174883', '00940', '000000000014631306', 'FLEXI 25523 NOBUCK TRIGO 22/27, 24.5', 3, '135'),
(3509, 57, '4501174883', '00950', '000000000014631307', 'FLEXI 25523 NOBUCK TRIGO 22/27, 25.0', 5, '135'),
(3510, 57, '4501174883', '00960', '000000000014631308', 'FLEXI 25523 NOBUCK TRIGO 22/27, 25.5', 2, '135'),
(3511, 57, '4501174883', '00970', '000000000014631309', 'FLEXI 25523 NOBUCK TRIGO 22/27, 26.0', 3, '135'),
(3512, 57, '4501174883', '00980', '000000000014631310', 'FLEXI 25523 NOBUCK TRIGO 22/27, 26.5', 2, '135'),
(3513, 57, '4501174883', '00990', '000000000014631311', 'FLEXI 25523 NOBUCK TRIGO 22/27, 27.0', 2, '135'),
(3514, 57, '4501174883', '01000', '000000000014631401', 'FLEXI 25524 FLOR ENTERA WISKY 22/2, 22.0', 2, '135'),
(3515, 57, '4501174883', '01010', '000000000014631402', 'FLEXI 25524 FLOR ENTERA WISKY 22/2, 22.5', 2, '135'),
(3516, 57, '4501174883', '01020', '000000000014631403', 'FLEXI 25524 FLOR ENTERA WISKY 22/2, 23.0', 3, '135'),
(3517, 57, '4501174883', '01030', '000000000014631404', 'FLEXI 25524 FLOR ENTERA WISKY 22/2, 23.5', 2, '135'),
(3518, 57, '4501174883', '01040', '000000000014631405', 'FLEXI 25524 FLOR ENTERA WISKY 22/2, 24.0', 4, '135'),
(3519, 57, '4501174883', '01050', '000000000014631406', 'FLEXI 25524 FLOR ENTERA WISKY 22/2, 24.5', 2, '135'),
(3520, 57, '4501174883', '01060', '000000000014631407', 'FLEXI 25524 FLOR ENTERA WISKY 22/2, 25.0', 4, '135'),
(3521, 57, '4501174883', '01070', '000000000014631408', 'FLEXI 25524 FLOR ENTERA WISKY 22/2, 25.5', 2, '135'),
(3522, 57, '4501174883', '01080', '000000000014631409', 'FLEXI 25524 FLOR ENTERA WISKY 22/2, 26.0', 3, '135'),
(3523, 57, '4501174883', '01090', '000000000014631410', 'FLEXI 25524 FLOR ENTERA WISKY 22/2, 26.5', 2, '135'),
(3524, 57, '4501174883', '01100', '000000000014631411', 'FLEXI 25524 FLOR ENTERA WISKY 22/2, 27.0', 2, '135'),
(3525, 57, '4501174883', '01110', '000000000014631501', 'FLEXI 25904 FLOR ENTERA NEGRO 22/2, 22.0', 2, '135'),
(3526, 57, '4501174883', '01120', '000000000014631502', 'FLEXI 25904 FLOR ENTERA NEGRO 22/2, 22.5', 2, '135'),
(3527, 57, '4501174883', '01130', '000000000014631503', 'FLEXI 25904 FLOR ENTERA NEGRO 22/2, 23.0', 3, '135'),
(3528, 57, '4501174883', '01140', '000000000014631504', 'FLEXI 25904 FLOR ENTERA NEGRO 22/2, 23.5', 2, '135'),
(3529, 57, '4501174883', '01150', '000000000014631505', 'FLEXI 25904 FLOR ENTERA NEGRO 22/2, 24.0', 8, '135'),
(3530, 57, '4501174883', '01160', '000000000014631506', 'FLEXI 25904 FLOR ENTERA NEGRO 22/2, 24.5', 3, '135'),
(3531, 57, '4501174883', '01170', '000000000014631507', 'FLEXI 25904 FLOR ENTERA NEGRO 22/2, 25.0', 8, '135'),
(3532, 57, '4501174883', '01180', '000000000014631508', 'FLEXI 25904 FLOR ENTERA NEGRO 22/2, 25.5', 4, '135'),
(3533, 57, '4501174883', '01190', '000000000014631509', 'FLEXI 25904 FLOR ENTERA NEGRO 22/2, 26.0', 6, '135'),
(3534, 57, '4501174883', '01200', '000000000014631510', 'FLEXI 25904 FLOR ENTERA NEGRO 22/2, 26.5', 2, '135'),
(3535, 57, '4501174883', '01210', '000000000014631511', 'FLEXI 25904 FLOR ENTERA NEGRO 22/2, 27.0', 2, '135'),
(3536, 57, '4501174883', '01220', '000000000014631601', 'FLEXI 25909 FLOR ENTERA NEGRO 22/2, 22.0', 2, '135'),
(3537, 57, '4501174883', '01230', '000000000014631602', 'FLEXI 25909 FLOR ENTERA NEGRO 22/2, 22.5', 2, '135'),
(3538, 57, '4501174883', '01240', '000000000014631603', 'FLEXI 25909 FLOR ENTERA NEGRO 22/2, 23.0', 2, '135'),
(3539, 57, '4501174883', '01250', '000000000014631604', 'FLEXI 25909 FLOR ENTERA NEGRO 22/2, 23.5', 2, '135'),
(3540, 57, '4501174883', '01260', '000000000014631605', 'FLEXI 25909 FLOR ENTERA NEGRO 22/2, 24.0', 4, '135'),
(3541, 57, '4501174883', '01270', '000000000014631606', 'FLEXI 25909 FLOR ENTERA NEGRO 22/2, 24.5', 2, '135'),
(3542, 57, '4501174883', '01280', '000000000014631607', 'FLEXI 25909 FLOR ENTERA NEGRO 22/2, 25.0', 2, '135'),
(3543, 57, '4501174883', '01290', '000000000014631608', 'FLEXI 25909 FLOR ENTERA NEGRO 22/2, 25.5', 2, '135'),
(3544, 57, '4501174883', '01300', '000000000014631609', 'FLEXI 25909 FLOR ENTERA NEGRO 22/2, 26.0', 2, '135'),
(3545, 57, '4501174883', '01310', '000000000014631610', 'FLEXI 25909 FLOR ENTERA NEGRO 22/2, 26.5', 2, '135'),
(3546, 57, '4501174883', '01320', '000000000014631611', 'FLEXI 25909 FLOR ENTERA NEGRO 22/2, 27.0', 2, '135'),
(3547, 57, '4501174883', '01330', '000000000014631701', 'FLEXI 33502 FLOR ENTERA NEGRO 22/2, 22.0', 2, '135'),
(3548, 57, '4501174883', '01340', '000000000014631702', 'FLEXI 33502 FLOR ENTERA NEGRO 22/2, 22.5', 2, '135'),
(3549, 57, '4501174883', '01350', '000000000014631703', 'FLEXI 33502 FLOR ENTERA NEGRO 22/2, 23.0', 2, '135'),
(3550, 57, '4501174883', '01360', '000000000014631704', 'FLEXI 33502 FLOR ENTERA NEGRO 22/2, 23.5', 2, '135'),
(3551, 57, '4501174883', '01370', '000000000014631705', 'FLEXI 33502 FLOR ENTERA NEGRO 22/2, 24.0', 6, '135'),
(3552, 57, '4501174883', '01380', '000000000014631706', 'FLEXI 33502 FLOR ENTERA NEGRO 22/2, 24.5', 3, '135'),
(3553, 57, '4501174883', '01390', '000000000014631707', 'FLEXI 33502 FLOR ENTERA NEGRO 22/2, 25.0', 4, '135'),
(3554, 57, '4501174883', '01400', '000000000014631708', 'FLEXI 33502 FLOR ENTERA NEGRO 22/2, 25.5', 2, '135'),
(3555, 57, '4501174883', '01410', '000000000014631709', 'FLEXI 33502 FLOR ENTERA NEGRO 22/2, 26.0', 3, '135'),
(3556, 57, '4501174883', '01420', '000000000014631710', 'FLEXI 33502 FLOR ENTERA NEGRO 22/2, 26.5', 2, '135'),
(3557, 57, '4501174883', '01430', '000000000014631711', 'FLEXI 33502 FLOR ENTERA NEGRO 22/2, 27.0', 2, '135'),
(3558, 57, '4501174883', '01440', '000000000014631801', 'FLEXI 33506 FLOR ENTERA ORO 22/27, 22.0', 2, '135'),
(3559, 57, '4501174883', '01450', '000000000014631802', 'FLEXI 33506 FLOR ENTERA ORO 22/27, 22.5', 2, '135'),
(3560, 57, '4501174883', '01460', '000000000014631803', 'FLEXI 33506 FLOR ENTERA ORO 22/27, 23.0', 4, '135'),
(3561, 57, '4501174883', '01470', '000000000014631804', 'FLEXI 33506 FLOR ENTERA ORO 22/27, 23.5', 2, '135'),
(3562, 57, '4501174883', '01480', '000000000014631805', 'FLEXI 33506 FLOR ENTERA ORO 22/27, 24.0', 8, '135'),
(3563, 57, '4501174883', '01490', '000000000014631806', 'FLEXI 33506 FLOR ENTERA ORO 22/27, 24.5', 3, '135'),
(3564, 57, '4501174883', '01500', '000000000014631807', 'FLEXI 33506 FLOR ENTERA ORO 22/27, 25.0', 6, '135'),
(3565, 57, '4501174883', '01510', '000000000014631808', 'FLEXI 33506 FLOR ENTERA ORO 22/27, 25.5', 2, '135'),
(3566, 57, '4501174883', '01520', '000000000014631809', 'FLEXI 33506 FLOR ENTERA ORO 22/27, 26.0', 3, '135'),
(3567, 57, '4501174883', '01530', '000000000014631810', 'FLEXI 33506 FLOR ENTERA ORO 22/27, 26.5', 2, '135'),
(3568, 57, '4501174883', '01540', '000000000014631811', 'FLEXI 33506 FLOR ENTERA ORO 22/27, 27.0', 2, '135'),
(3569, 57, '4501174883', '01550', '000000000014631901', 'FLEXI 33606 FLOR ENTERA NEGRO 22/2, 22.0', 2, '135'),
(3570, 57, '4501174883', '01560', '000000000014631902', 'FLEXI 33606 FLOR ENTERA NEGRO 22/2, 22.5', 2, '135'),
(3571, 57, '4501174883', '01570', '000000000014631903', 'FLEXI 33606 FLOR ENTERA NEGRO 22/2, 23.0', 2, '135'),
(3572, 57, '4501174883', '01580', '000000000014631904', 'FLEXI 33606 FLOR ENTERA NEGRO 22/2, 23.5', 2, '135'),
(3573, 57, '4501174883', '01590', '000000000014631905', 'FLEXI 33606 FLOR ENTERA NEGRO 22/2, 24.0', 4, '135'),
(3574, 57, '4501174883', '01600', '000000000014631906', 'FLEXI 33606 FLOR ENTERA NEGRO 22/2, 24.5', 2, '135'),
(3575, 57, '4501174883', '01610', '000000000014631907', 'FLEXI 33606 FLOR ENTERA NEGRO 22/2, 25.0', 2, '135'),
(3576, 57, '4501174883', '01620', '000000000014631908', 'FLEXI 33606 FLOR ENTERA NEGRO 22/2, 25.5', 2, '135'),
(3577, 57, '4501174883', '01630', '000000000014631909', 'FLEXI 33606 FLOR ENTERA NEGRO 22/2, 26.0', 2, '135'),
(3578, 57, '4501174883', '01640', '000000000014631910', 'FLEXI 33606 FLOR ENTERA NEGRO 22/2, 26.5', 2, '135'),
(3579, 57, '4501174883', '01650', '000000000014631911', 'FLEXI 33606 FLOR ENTERA NEGRO 22/2, 27.0', 2, '135'),
(3580, 57, '4501174883', '01660', '000000000014632001', 'FLEXI 33609 FLOR ENTERA NEGRO 22/2, 22.0', 2, '135'),
(3581, 57, '4501174883', '01670', '000000000014632002', 'FLEXI 33609 FLOR ENTERA NEGRO 22/2, 22.5', 2, '135'),
(3582, 57, '4501174883', '01680', '000000000014632003', 'FLEXI 33609 FLOR ENTERA NEGRO 22/2, 23.0', 2, '135'),
(3583, 57, '4501174883', '01690', '000000000014632004', 'FLEXI 33609 FLOR ENTERA NEGRO 22/2, 23.5', 2, '135'),
(3584, 57, '4501174883', '01700', '000000000014632005', 'FLEXI 33609 FLOR ENTERA NEGRO 22/2, 24.0', 4, '135'),
(3585, 57, '4501174883', '01710', '000000000014632006', 'FLEXI 33609 FLOR ENTERA NEGRO 22/2, 24.5', 3, '135'),
(3586, 57, '4501174883', '01720', '000000000014632007', 'FLEXI 33609 FLOR ENTERA NEGRO 22/2, 25.0', 4, '135'),
(3587, 57, '4501174883', '01730', '000000000014632008', 'FLEXI 33609 FLOR ENTERA NEGRO 22/2, 25.5', 3, '135'),
(3588, 57, '4501174883', '01740', '000000000014632009', 'FLEXI 33609 FLOR ENTERA NEGRO 22/2, 26.0', 2, '135'),
(3589, 57, '4501174883', '01750', '000000000014632010', 'FLEXI 33609 FLOR ENTERA NEGRO 22/2, 26.5', 2, '135'),
(3590, 57, '4501174883', '01760', '000000000014632011', 'FLEXI 33609 FLOR ENTERA NEGRO 22/2, 27.0', 2, '135'),
(3591, 57, '4501174883', '01770', '000000000014632101', 'FLEXI 33610 FLOR ENTERA NEGRO 22/2, 22.0', 2, '135'),
(3592, 57, '4501174883', '01780', '000000000014632102', 'FLEXI 33610 FLOR ENTERA NEGRO 22/2, 22.5', 2, '135'),
(3593, 57, '4501174883', '01790', '000000000014632103', 'FLEXI 33610 FLOR ENTERA NEGRO 22/2, 23.0', 2, '135'),
(3594, 57, '4501174883', '01800', '000000000014632104', 'FLEXI 33610 FLOR ENTERA NEGRO 22/2, 23.5', 2, '135'),
(3595, 57, '4501174883', '01810', '000000000014632105', 'FLEXI 33610 FLOR ENTERA NEGRO 22/2, 24.0', 4, '135'),
(3596, 57, '4501174883', '01820', '000000000014632106', 'FLEXI 33610 FLOR ENTERA NEGRO 22/2, 24.5', 3, '135'),
(3597, 57, '4501174883', '01830', '000000000014632107', 'FLEXI 33610 FLOR ENTERA NEGRO 22/2, 25.0', 4, '135'),
(3598, 57, '4501174883', '01840', '000000000014632108', 'FLEXI 33610 FLOR ENTERA NEGRO 22/2, 25.5', 3, '135'),
(3599, 57, '4501174883', '01850', '000000000014632109', 'FLEXI 33610 FLOR ENTERA NEGRO 22/2, 26.0', 2, '135'),
(3600, 57, '4501174883', '01860', '000000000014632110', 'FLEXI 33610 FLOR ENTERA NEGRO 22/2, 26.5', 2, '135'),
(3601, 57, '4501174883', '01870', '000000000014632111', 'FLEXI 33610 FLOR ENTERA NEGRO 22/2, 27.0', 2, '135'),
(3602, 57, '4501174883', '01880', '000000000014632201', 'FLEXI 33710 FLOR ENTERA COGNAC 22/, 22.0', 2, '135'),
(3603, 57, '4501174883', '01890', '000000000014632202', 'FLEXI 33710 FLOR ENTERA COGNAC 22/, 22.5', 2, '135'),
(3604, 57, '4501174883', '01900', '000000000014632203', 'FLEXI 33710 FLOR ENTERA COGNAC 22/, 23.0', 2, '135'),
(3605, 57, '4501174883', '01910', '000000000014632204', 'FLEXI 33710 FLOR ENTERA COGNAC 22/, 23.5', 2, '135'),
(3606, 57, '4501174883', '01920', '000000000014632205', 'FLEXI 33710 FLOR ENTERA COGNAC 22/, 24.0', 4, '135'),
(3607, 57, '4501174883', '01930', '000000000014632206', 'FLEXI 33710 FLOR ENTERA COGNAC 22/, 24.5', 3, '135'),
(3608, 57, '4501174883', '01940', '000000000014632207', 'FLEXI 33710 FLOR ENTERA COGNAC 22/, 25.0', 4, '135'),
(3609, 57, '4501174883', '01950', '000000000014632208', 'FLEXI 33710 FLOR ENTERA COGNAC 22/, 25.5', 3, '135'),
(3610, 57, '4501174883', '01960', '000000000014632209', 'FLEXI 33710 FLOR ENTERA COGNAC 22/, 26.0', 2, '135'),
(3611, 57, '4501174883', '01970', '000000000014632210', 'FLEXI 33710 FLOR ENTERA COGNAC 22/, 26.5', 2, '135'),
(3612, 57, '4501174883', '01980', '000000000014632211', 'FLEXI 33710 FLOR ENTERA COGNAC 22/, 27.0', 2, '135'),
(3613, 57, '4501174883', '01990', '000000000014632301', 'FLEXI 33710 FLOR ENTERA NEGRO 22/2, 22.0', 2, '135'),
(3614, 57, '4501174883', '02000', '000000000014632302', 'FLEXI 33710 FLOR ENTERA NEGRO 22/2, 22.5', 2, '135'),
(3615, 57, '4501174883', '02010', '000000000014632303', 'FLEXI 33710 FLOR ENTERA NEGRO 22/2, 23.0', 2, '135'),
(3616, 57, '4501174883', '02020', '000000000014632304', 'FLEXI 33710 FLOR ENTERA NEGRO 22/2, 23.5', 2, '135'),
(3617, 57, '4501174883', '02030', '000000000014632305', 'FLEXI 33710 FLOR ENTERA NEGRO 22/2, 24.0', 4, '135'),
(3618, 57, '4501174883', '02040', '000000000014632306', 'FLEXI 33710 FLOR ENTERA NEGRO 22/2, 24.5', 3, '135'),
(3619, 57, '4501174883', '02050', '000000000014632307', 'FLEXI 33710 FLOR ENTERA NEGRO 22/2, 25.0', 4, '135'),
(3620, 57, '4501174883', '02060', '000000000014632308', 'FLEXI 33710 FLOR ENTERA NEGRO 22/2, 25.5', 3, '135'),
(3621, 57, '4501174883', '02070', '000000000014632309', 'FLEXI 33710 FLOR ENTERA NEGRO 22/2, 26.0', 2, '135'),
(3622, 57, '4501174883', '02080', '000000000014632310', 'FLEXI 33710 FLOR ENTERA NEGRO 22/2, 26.5', 2, '135'),
(3623, 57, '4501174883', '02090', '000000000014632311', 'FLEXI 33710 FLOR ENTERA NEGRO 22/2, 27.0', 2, '135'),
(3624, 57, '4501174883', '02100', '000000000014632401', 'FLEXI 45108 FLOR ENTERA COGNAC 22/, 22.0', 2, '135'),
(3625, 57, '4501174883', '02110', '000000000014632402', 'FLEXI 45108 FLOR ENTERA COGNAC 22/, 22.5', 2, '135'),
(3626, 57, '4501174883', '02120', '000000000014632403', 'FLEXI 45108 FLOR ENTERA COGNAC 22/, 23.0', 3, '135'),
(3627, 57, '4501174883', '02130', '000000000014632404', 'FLEXI 45108 FLOR ENTERA COGNAC 22/, 23.5', 2, '135'),
(3628, 57, '4501174883', '02140', '000000000014632405', 'FLEXI 45108 FLOR ENTERA COGNAC 22/, 24.0', 5, '135'),
(3629, 57, '4501174883', '02150', '000000000014632406', 'FLEXI 45108 FLOR ENTERA COGNAC 22/, 24.5', 3, '135'),
(3630, 57, '4501174883', '02160', '000000000014632407', 'FLEXI 45108 FLOR ENTERA COGNAC 22/, 25.0', 4, '135'),
(3631, 57, '4501174883', '02170', '000000000014632408', 'FLEXI 45108 FLOR ENTERA COGNAC 22/, 25.5', 2, '135'),
(3632, 57, '4501174883', '02180', '000000000014632409', 'FLEXI 45108 FLOR ENTERA COGNAC 22/, 26.0', 3, '135'),
(3633, 57, '4501174883', '02190', '000000000014632410', 'FLEXI 45108 FLOR ENTERA COGNAC 22/, 26.5', 2, '135'),
(3634, 57, '4501174883', '02200', '000000000014632411', 'FLEXI 45108 FLOR ENTERA COGNAC 22/, 27.0', 2, '135'),
(3635, 57, '4501174883', '02210', '000000000014632501', 'FLEXI 45108 FLOR ENTERA NEGRO 22/2, 22.0', 2, '135'),
(3636, 57, '4501174883', '02220', '000000000014632502', 'FLEXI 45108 FLOR ENTERA NEGRO 22/2, 22.5', 2, '135'),
(3637, 57, '4501174883', '02230', '000000000014632503', 'FLEXI 45108 FLOR ENTERA NEGRO 22/2, 23.0', 3, '135'),
(3638, 57, '4501174883', '02240', '000000000014632504', 'FLEXI 45108 FLOR ENTERA NEGRO 22/2, 23.5', 2, '135'),
(3639, 57, '4501174883', '02250', '000000000014632505', 'FLEXI 45108 FLOR ENTERA NEGRO 22/2, 24.0', 5, '135'),
(3640, 57, '4501174883', '02260', '000000000014632506', 'FLEXI 45108 FLOR ENTERA NEGRO 22/2, 24.5', 3, '135'),
(3641, 57, '4501174883', '02270', '000000000014632507', 'FLEXI 45108 FLOR ENTERA NEGRO 22/2, 25.0', 4, '135'),
(3642, 57, '4501174883', '02280', '000000000014632508', 'FLEXI 45108 FLOR ENTERA NEGRO 22/2, 25.5', 2, '135'),
(3643, 57, '4501174883', '02290', '000000000014632509', 'FLEXI 45108 FLOR ENTERA NEGRO 22/2, 26.0', 3, '135'),
(3644, 57, '4501174883', '02300', '000000000014632510', 'FLEXI 45108 FLOR ENTERA NEGRO 22/2, 26.5', 2, '135'),
(3645, 57, '4501174883', '02310', '000000000014632511', 'FLEXI 45108 FLOR ENTERA NEGRO 22/2, 27.0', 2, '135'),
(3646, 57, '4501174883', '02320', '000000000014632601', 'FLEXI 45202 FLOR ENTERA NEGRO 22/2, 22.0', 2, '135'),
(3647, 57, '4501174883', '02330', '000000000014632602', 'FLEXI 45202 FLOR ENTERA NEGRO 22/2, 22.5', 2, '135'),
(3648, 57, '4501174883', '02340', '000000000014632603', 'FLEXI 45202 FLOR ENTERA NEGRO 22/2, 23.0', 4, '135'),
(3649, 57, '4501174883', '02350', '000000000014632604', 'FLEXI 45202 FLOR ENTERA NEGRO 22/2, 23.5', 2, '135'),
(3650, 57, '4501174883', '02360', '000000000014632605', 'FLEXI 45202 FLOR ENTERA NEGRO 22/2, 24.0', 8, '135'),
(3651, 57, '4501174883', '02370', '000000000014632606', 'FLEXI 45202 FLOR ENTERA NEGRO 22/2, 24.5', 3, '135'),
(3652, 57, '4501174883', '02380', '000000000014632607', 'FLEXI 45202 FLOR ENTERA NEGRO 22/2, 25.0', 6, '135'),
(3653, 57, '4501174883', '02390', '000000000014632608', 'FLEXI 45202 FLOR ENTERA NEGRO 22/2, 25.5', 2, '135'),
(3654, 57, '4501174883', '02400', '000000000014632609', 'FLEXI 45202 FLOR ENTERA NEGRO 22/2, 26.0', 3, '135'),
(3655, 57, '4501174883', '02410', '000000000014632610', 'FLEXI 45202 FLOR ENTERA NEGRO 22/2, 26.5', 2, '135'),
(3656, 57, '4501174883', '02420', '000000000014632611', 'FLEXI 45202 FLOR ENTERA NEGRO 22/2, 27.0', 2, '135'),
(3657, 57, '4501174883', '02430', '000000000014632701', 'FLEXI 45207 FLOR ENTERA NEGRO 22/2, 22.0', 2, '135'),
(3658, 57, '4501174883', '02440', '000000000014632702', 'FLEXI 45207 FLOR ENTERA NEGRO 22/2, 22.5', 2, '135'),
(3659, 57, '4501174883', '02450', '000000000014632703', 'FLEXI 45207 FLOR ENTERA NEGRO 22/2, 23.0', 2, '135'),
(3660, 57, '4501174883', '02460', '000000000014632704', 'FLEXI 45207 FLOR ENTERA NEGRO 22/2, 23.5', 2, '135'),
(3661, 57, '4501174883', '02470', '000000000014632705', 'FLEXI 45207 FLOR ENTERA NEGRO 22/2, 24.0', 6, '135'),
(3662, 57, '4501174883', '02480', '000000000014632706', 'FLEXI 45207 FLOR ENTERA NEGRO 22/2, 24.5', 3, '135'),
(3663, 57, '4501174883', '02490', '000000000014632707', 'FLEXI 45207 FLOR ENTERA NEGRO 22/2, 25.0', 5, '135'),
(3664, 57, '4501174883', '02500', '000000000014632708', 'FLEXI 45207 FLOR ENTERA NEGRO 22/2, 25.5', 2, '135'),
(3665, 57, '4501174883', '02510', '000000000014632709', 'FLEXI 45207 FLOR ENTERA NEGRO 22/2, 26.0', 2, '135'),
(3666, 57, '4501174883', '02520', '000000000014632710', 'FLEXI 45207 FLOR ENTERA NEGRO 22/2, 26.5', 2, '135'),
(3667, 57, '4501174883', '02530', '000000000014632711', 'FLEXI 45207 FLOR ENTERA NEGRO 22/2, 27.0', 2, '135'),
(3668, 57, '4501174883', '02540', '000000000014632801', 'FLEXI 45908 FLOR ENTERA NEGRO 22/2, 22.0', 2, '135'),
(3669, 57, '4501174883', '02550', '000000000014632802', 'FLEXI 45908 FLOR ENTERA NEGRO 22/2, 22.5', 2, '135'),
(3670, 57, '4501174883', '02560', '000000000014632803', 'FLEXI 45908 FLOR ENTERA NEGRO 22/2, 23.0', 2, '135'),
(3671, 57, '4501174883', '02570', '000000000014632804', 'FLEXI 45908 FLOR ENTERA NEGRO 22/2, 23.5', 2, '135'),
(3672, 57, '4501174883', '02580', '000000000014632805', 'FLEXI 45908 FLOR ENTERA NEGRO 22/2, 24.0', 6, '135'),
(3673, 57, '4501174883', '02590', '000000000014632806', 'FLEXI 45908 FLOR ENTERA NEGRO 22/2, 24.5', 3, '135'),
(3674, 57, '4501174883', '02600', '000000000014632807', 'FLEXI 45908 FLOR ENTERA NEGRO 22/2, 25.0', 5, '135'),
(3675, 57, '4501174883', '02610', '000000000014632808', 'FLEXI 45908 FLOR ENTERA NEGRO 22/2, 25.5', 2, '135'),
(3676, 57, '4501174883', '02620', '000000000014632809', 'FLEXI 45908 FLOR ENTERA NEGRO 22/2, 26.0', 2, '135'),
(3677, 57, '4501174883', '02630', '000000000014632810', 'FLEXI 45908 FLOR ENTERA NEGRO 22/2, 26.5', 2, '135'),
(3678, 57, '4501174883', '02640', '000000000014632811', 'FLEXI 45908 FLOR ENTERA NEGRO 22/2, 27.0', 2, '135'),
(3679, 57, '4501174883', '02650', '000000000014632901', 'FLEXI 45908 FLOR ENTERA WISKY 22/2, 22.0', 2, '135'),
(3680, 57, '4501174883', '02660', '000000000014632902', 'FLEXI 45908 FLOR ENTERA WISKY 22/2, 22.5', 2, '135'),
(3681, 57, '4501174883', '02670', '000000000014632903', 'FLEXI 45908 FLOR ENTERA WISKY 22/2, 23.0', 2, '135'),
(3682, 57, '4501174883', '02680', '000000000014632904', 'FLEXI 45908 FLOR ENTERA WISKY 22/2, 23.5', 2, '135'),
(3683, 57, '4501174883', '02690', '000000000014632905', 'FLEXI 45908 FLOR ENTERA WISKY 22/2, 24.0', 4, '135'),
(3684, 57, '4501174883', '02700', '000000000014632906', 'FLEXI 45908 FLOR ENTERA WISKY 22/2, 24.5', 3, '135'),
(3685, 57, '4501174883', '02710', '000000000014632907', 'FLEXI 45908 FLOR ENTERA WISKY 22/2, 25.0', 4, '135'),
(3686, 57, '4501174883', '02720', '000000000014632908', 'FLEXI 45908 FLOR ENTERA WISKY 22/2, 25.5', 3, '135'),
(3687, 57, '4501174883', '02730', '000000000014632909', 'FLEXI 45908 FLOR ENTERA WISKY 22/2, 26.0', 2, '135'),
(3688, 57, '4501174883', '02740', '000000000014632910', 'FLEXI 45908 FLOR ENTERA WISKY 22/2, 26.5', 2, '135'),
(3689, 57, '4501174883', '02750', '000000000014632911', 'FLEXI 45908 FLOR ENTERA WISKY 22/2, 27.0', 2, '135'),
(3690, 57, '4501174883', '02760', '000000000014633001', 'FLEXI 46007 FLOR ENTERA COGNAC 22/, 22.0', 2, '135'),
(3691, 57, '4501174883', '02770', '000000000014633002', 'FLEXI 46007 FLOR ENTERA COGNAC 22/, 22.5', 2, '135'),
(3692, 57, '4501174883', '02780', '000000000014633003', 'FLEXI 46007 FLOR ENTERA COGNAC 22/, 23.0', 2, '135'),
(3693, 57, '4501174883', '02790', '000000000014633004', 'FLEXI 46007 FLOR ENTERA COGNAC 22/, 23.5', 2, '135'),
(3694, 57, '4501174883', '02800', '000000000014633005', 'FLEXI 46007 FLOR ENTERA COGNAC 22/, 24.0', 4, '135'),
(3695, 57, '4501174883', '02810', '000000000014633006', 'FLEXI 46007 FLOR ENTERA COGNAC 22/, 24.5', 3, '135'),
(3696, 57, '4501174883', '02820', '000000000014633007', 'FLEXI 46007 FLOR ENTERA COGNAC 22/, 25.0', 4, '135'),
(3697, 57, '4501174883', '02830', '000000000014633008', 'FLEXI 46007 FLOR ENTERA COGNAC 22/, 25.5', 3, '135'),
(3698, 57, '4501174883', '02840', '000000000014633009', 'FLEXI 46007 FLOR ENTERA COGNAC 22/, 26.0', 2, '135'),
(3699, 57, '4501174883', '02850', '000000000014633010', 'FLEXI 46007 FLOR ENTERA COGNAC 22/, 26.5', 2, '135'),
(3700, 57, '4501174883', '02860', '000000000014633011', 'FLEXI 46007 FLOR ENTERA COGNAC 22/, 27.0', 2, '135'),
(3701, 57, '4501174883', '02870', '000000000014633101', 'FLEXI 46007 FLOR ENTERA NEGRO 22/2, 22.0', 2, '135'),
(3702, 57, '4501174883', '02880', '000000000014633102', 'FLEXI 46007 FLOR ENTERA NEGRO 22/2, 22.5', 2, '135'),
(3703, 57, '4501174883', '02890', '000000000014633103', 'FLEXI 46007 FLOR ENTERA NEGRO 22/2, 23.0', 2, '135'),
(3704, 57, '4501174883', '02900', '000000000014633104', 'FLEXI 46007 FLOR ENTERA NEGRO 22/2, 23.5', 2, '135'),
(3705, 57, '4501174883', '02910', '000000000014633105', 'FLEXI 46007 FLOR ENTERA NEGRO 22/2, 24.0', 4, '135'),
(3706, 57, '4501174883', '02920', '000000000014633106', 'FLEXI 46007 FLOR ENTERA NEGRO 22/2, 24.5', 3, '135'),
(3707, 57, '4501174883', '02930', '000000000014633107', 'FLEXI 46007 FLOR ENTERA NEGRO 22/2, 25.0', 4, '135'),
(3708, 57, '4501174883', '02940', '000000000014633108', 'FLEXI 46007 FLOR ENTERA NEGRO 22/2, 25.5', 3, '135'),
(3709, 57, '4501174883', '02950', '000000000014633109', 'FLEXI 46007 FLOR ENTERA NEGRO 22/2, 26.0', 2, '135'),
(3710, 57, '4501174883', '02960', '000000000014633110', 'FLEXI 46007 FLOR ENTERA NEGRO 22/2, 26.5', 2, '135'),
(3711, 57, '4501174883', '02970', '000000000014633111', 'FLEXI 46007 FLOR ENTERA NEGRO 22/2, 27.0', 2, '135'),
(3712, 57, '4501174883', '02980', '000000000014633201', 'FLEXI 46608 FLOR ENTERA NEGRO 22/2, 22.0', 2, '135'),
(3713, 57, '4501174883', '02990', '000000000014633202', 'FLEXI 46608 FLOR ENTERA NEGRO 22/2, 22.5', 2, '135'),
(3714, 57, '4501174883', '03000', '000000000014633203', 'FLEXI 46608 FLOR ENTERA NEGRO 22/2, 23.0', 2, '135'),
(3715, 57, '4501174883', '03010', '000000000014633204', 'FLEXI 46608 FLOR ENTERA NEGRO 22/2, 23.5', 4, '135'),
(3716, 57, '4501174883', '03020', '000000000014633205', 'FLEXI 46608 FLOR ENTERA NEGRO 22/2, 24.0', 5, '135'),
(3717, 57, '4501174883', '03030', '000000000014633206', 'FLEXI 46608 FLOR ENTERA NEGRO 22/2, 24.5', 4, '135'),
(3718, 57, '4501174883', '03040', '000000000014633207', 'FLEXI 46608 FLOR ENTERA NEGRO 22/2, 25.0', 5, '135'),
(3719, 57, '4501174883', '03050', '000000000014633208', 'FLEXI 46608 FLOR ENTERA NEGRO 22/2, 25.5', 4, '135'),
(3720, 57, '4501174883', '03060', '000000000014633209', 'FLEXI 46608 FLOR ENTERA NEGRO 22/2, 26.0', 4, '135'),
(3721, 57, '4501174883', '03070', '000000000014633210', 'FLEXI 46608 FLOR ENTERA NEGRO 22/2, 26.5', 2, '135'),
(3722, 57, '4501174883', '03080', '000000000014633211', 'FLEXI 46608 FLOR ENTERA NEGRO 22/2, 27.0', 2, '135'),
(3723, 57, '4501174883', '03090', '000000000014633301', 'FLEXI 46608 FLOR ENTERA OPORTO 22/, 22.0', 2, '135'),
(3724, 57, '4501174883', '03100', '000000000014633302', 'FLEXI 46608 FLOR ENTERA OPORTO 22/, 22.5', 2, '135'),
(3725, 57, '4501174883', '03110', '000000000014633303', 'FLEXI 46608 FLOR ENTERA OPORTO 22/, 23.0', 3, '135'),
(3726, 57, '4501174883', '03120', '000000000014633304', 'FLEXI 46608 FLOR ENTERA OPORTO 22/, 23.5', 2, '135'),
(3727, 57, '4501174883', '03130', '000000000014633305', 'FLEXI 46608 FLOR ENTERA OPORTO 22/, 24.0', 5, '135'),
(3728, 57, '4501174883', '03140', '000000000014633306', 'FLEXI 46608 FLOR ENTERA OPORTO 22/, 24.5', 3, '135'),
(3729, 57, '4501174883', '03150', '000000000014633307', 'FLEXI 46608 FLOR ENTERA OPORTO 22/, 25.0', 4, '135'),
(3730, 57, '4501174883', '03160', '000000000014633308', 'FLEXI 46608 FLOR ENTERA OPORTO 22/, 25.5', 2, '135'),
(3731, 57, '4501174883', '03170', '000000000014633309', 'FLEXI 46608 FLOR ENTERA OPORTO 22/, 26.0', 3, '135'),
(3732, 57, '4501174883', '03180', '000000000014633310', 'FLEXI 46608 FLOR ENTERA OPORTO 22/, 26.5', 2, '135'),
(3733, 57, '4501174883', '03190', '000000000014633311', 'FLEXI 46608 FLOR ENTERA OPORTO 22/, 27.0', 2, '135'),
(3734, 57, '4501174883', '03200', '000000000014633401', 'FLEXI 46908 FLOR ENTERA CAFE 22/27, 22.0', 2, '135'),
(3735, 57, '4501174883', '03210', '000000000014633402', 'FLEXI 46908 FLOR ENTERA CAFE 22/27, 22.5', 2, '135'),
(3736, 57, '4501174883', '03220', '000000000014633403', 'FLEXI 46908 FLOR ENTERA CAFE 22/27, 23.0', 3, '135'),
(3737, 57, '4501174883', '03230', '000000000014633404', 'FLEXI 46908 FLOR ENTERA CAFE 22/27, 23.5', 2, '135'),
(3738, 57, '4501174883', '03240', '000000000014633405', 'FLEXI 46908 FLOR ENTERA CAFE 22/27, 24.0', 5, '135'),
(3739, 57, '4501174883', '03250', '000000000014633406', 'FLEXI 46908 FLOR ENTERA CAFE 22/27, 24.5', 3, '135'),
(3740, 57, '4501174883', '03260', '000000000014633407', 'FLEXI 46908 FLOR ENTERA CAFE 22/27, 25.0', 4, '135'),
(3741, 57, '4501174883', '03270', '000000000014633408', 'FLEXI 46908 FLOR ENTERA CAFE 22/27, 25.5', 2, '135'),
(3742, 57, '4501174883', '03280', '000000000014633409', 'FLEXI 46908 FLOR ENTERA CAFE 22/27, 26.0', 3, '135'),
(3743, 57, '4501174883', '03290', '000000000014633410', 'FLEXI 46908 FLOR ENTERA CAFE 22/27, 26.5', 2, '135'),
(3744, 57, '4501174883', '03300', '000000000014633411', 'FLEXI 46908 FLOR ENTERA CAFE 22/27, 27.0', 2, '135'),
(3745, 57, '4501174883', '03310', '000000000014633501', 'FLEXI 46908 NOBUCK TRIGO 22/27, 22.0', 2, '135'),
(3746, 57, '4501174883', '03320', '000000000014633502', 'FLEXI 46908 NOBUCK TRIGO 22/27, 22.5', 2, '135'),
(3747, 57, '4501174883', '03330', '000000000014633503', 'FLEXI 46908 NOBUCK TRIGO 22/27, 23.0', 4, '135'),
(3748, 57, '4501174883', '03340', '000000000014633504', 'FLEXI 46908 NOBUCK TRIGO 22/27, 23.5', 2, '135'),
(3749, 57, '4501174883', '03350', '000000000014633505', 'FLEXI 46908 NOBUCK TRIGO 22/27, 24.0', 7, '135'),
(3750, 57, '4501174883', '03360', '000000000014633506', 'FLEXI 46908 NOBUCK TRIGO 22/27, 24.5', 3, '135'),
(3751, 57, '4501174883', '03370', '000000000014633507', 'FLEXI 46908 NOBUCK TRIGO 22/27, 25.0', 5, '135'),
(3752, 57, '4501174883', '03380', '000000000014633508', 'FLEXI 46908 NOBUCK TRIGO 22/27, 25.5', 2, '135'),
(3753, 57, '4501174883', '03390', '000000000014633509', 'FLEXI 46908 NOBUCK TRIGO 22/27, 26.0', 3, '135'),
(3754, 57, '4501174883', '03400', '000000000014633510', 'FLEXI 46908 NOBUCK TRIGO 22/27, 26.5', 2, '135'),
(3755, 57, '4501174883', '03410', '000000000014633511', 'FLEXI 46908 NOBUCK TRIGO 22/27, 27.0', 2, '135'),
(3756, 57, '4501174883', '03420', '000000000014633601', 'FLEXI 47401 CHAROL NEGRO 22/27, 22.0', 2, '135'),
(3757, 57, '4501174883', '03430', '000000000014633602', 'FLEXI 47401 CHAROL NEGRO 22/27, 22.5', 2, '135'),
(3758, 57, '4501174883', '03440', '000000000014633603', 'FLEXI 47401 CHAROL NEGRO 22/27, 23.0', 2, '135'),
(3759, 57, '4501174883', '03450', '000000000014633604', 'FLEXI 47401 CHAROL NEGRO 22/27, 23.5', 2, '135'),
(3760, 57, '4501174883', '03460', '000000000014633605', 'FLEXI 47401 CHAROL NEGRO 22/27, 24.0', 6, '135'),
(3761, 57, '4501174883', '03470', '000000000014633606', 'FLEXI 47401 CHAROL NEGRO 22/27, 24.5', 3, '135'),
(3762, 57, '4501174883', '03480', '000000000014633607', 'FLEXI 47401 CHAROL NEGRO 22/27, 25.0', 4, '135'),
(3763, 57, '4501174883', '03490', '000000000014633608', 'FLEXI 47401 CHAROL NEGRO 22/27, 25.5', 2, '135'),
(3764, 57, '4501174883', '03500', '000000000014633609', 'FLEXI 47401 CHAROL NEGRO 22/27, 26.0', 3, '135'),
(3765, 57, '4501174883', '03510', '000000000014633610', 'FLEXI 47401 CHAROL NEGRO 22/27, 26.5', 2, '135'),
(3766, 57, '4501174883', '03520', '000000000014633611', 'FLEXI 47401 CHAROL NEGRO 22/27, 27.0', 2, '135'),
(3767, 57, '4501174883', '03530', '000000000014633701', 'FLEXI 58920 FLOR ENETRA NEGRO 22/2, 22.0', 2, '135'),
(3768, 57, '4501174883', '03540', '000000000014633702', 'FLEXI 58920 FLOR ENETRA NEGRO 22/2, 22.5', 2, '135'),
(3769, 57, '4501174883', '03550', '000000000014633703', 'FLEXI 58920 FLOR ENETRA NEGRO 22/2, 23.0', 2, '135'),
(3770, 57, '4501174883', '03560', '000000000014633704', 'FLEXI 58920 FLOR ENETRA NEGRO 22/2, 23.5', 2, '135'),
(3771, 57, '4501174883', '03570', '000000000014633705', 'FLEXI 58920 FLOR ENETRA NEGRO 22/2, 24.0', 6, '135'),
(3772, 57, '4501174883', '03580', '000000000014633706', 'FLEXI 58920 FLOR ENETRA NEGRO 22/2, 24.5', 3, '135'),
(3773, 57, '4501174883', '03590', '000000000014633707', 'FLEXI 58920 FLOR ENETRA NEGRO 22/2, 25.0', 5, '135'),
(3774, 57, '4501174883', '03600', '000000000014633708', 'FLEXI 58920 FLOR ENETRA NEGRO 22/2, 25.5', 2, '135'),
(3775, 57, '4501174883', '03610', '000000000014633709', 'FLEXI 58920 FLOR ENETRA NEGRO 22/2, 26.0', 2, '135'),
(3776, 57, '4501174883', '03620', '000000000014633710', 'FLEXI 58920 FLOR ENETRA NEGRO 22/2, 26.5', 2, '135'),
(3777, 57, '4501174883', '03630', '000000000014633711', 'FLEXI 58920 FLOR ENETRA NEGRO 22/2, 27.0', 2, '135'),
(3778, 57, '4501174883', '03640', '000000000014633901', 'FLEXI 27808 FLOR ENTERA/CHAROL NGO, 22.0', 2, '135'),
(3779, 57, '4501174883', '03650', '000000000014633902', 'FLEXI 27808 FLOR ENTERA/CHAROL NGO, 22.5', 2, '135'),
(3780, 57, '4501174883', '03660', '000000000014633903', 'FLEXI 27808 FLOR ENTERA/CHAROL NGO, 23.0', 2, '135'),
(3781, 57, '4501174883', '03670', '000000000014633904', 'FLEXI 27808 FLOR ENTERA/CHAROL NGO, 23.5', 2, '135'),
(3782, 57, '4501174883', '03680', '000000000014633905', 'FLEXI 27808 FLOR ENTERA/CHAROL NGO, 24.0', 6, '135'),
(3783, 57, '4501174883', '03690', '000000000014633906', 'FLEXI 27808 FLOR ENTERA/CHAROL NGO, 24.5', 3, '135'),
(3784, 57, '4501174883', '03700', '000000000014633907', 'FLEXI 27808 FLOR ENTERA/CHAROL NGO, 25.0', 4, '135'),
(3785, 57, '4501174883', '03710', '000000000014633908', 'FLEXI 27808 FLOR ENTERA/CHAROL NGO, 25.5', 2, '135'),
(3786, 57, '4501174883', '03720', '000000000014633909', 'FLEXI 27808 FLOR ENTERA/CHAROL NGO, 26.0', 3, '135'),
(3787, 57, '4501174883', '03730', '000000000014633910', 'FLEXI 27808 FLOR ENTERA/CHAROL NGO, 26.5', 2, '135'),
(3788, 57, '4501174883', '03740', '000000000014633911', 'FLEXI 27808 FLOR ENTERA/CHAROL NGO, 27.0', 2, '135'),
(3789, 57, '4501174883', '03750', '000000000014634001', 'FLEXI 25225 FLOR ENTERA NEGRO 18/2, 18.0', 6, '135'),
(3790, 57, '4501174883', '03760', '000000000014634002', 'FLEXI 25225 FLOR ENTERA NEGRO 18/2, 18.5', 4, '135'),
(3791, 57, '4501174883', '03770', '000000000014634003', 'FLEXI 25225 FLOR ENTERA NEGRO 18/2, 19.0', 5, '135'),
(3792, 57, '4501174883', '03780', '000000000014634004', 'FLEXI 25225 FLOR ENTERA NEGRO 18/2, 19.5', 2, '135'),
(3793, 57, '4501174883', '03790', '000000000014634005', 'FLEXI 25225 FLOR ENTERA NEGRO 18/2, 20.0', 7, '135'),
(3794, 57, '4501174883', '03800', '000000000014634006', 'FLEXI 25225 FLOR ENTERA NEGRO 18/2, 20.5', 4, '135'),
(3795, 57, '4501174883', '03810', '000000000014634007', 'FLEXI 25225 FLOR ENTERA NEGRO 18/2, 21.0', 8, '135'),
(3796, 57, '4501174883', '03820', '000000000014635001', 'FLEXI 25227 FLOR ENTERA NEGRO 18/2, 18.0', 6, '135'),
(3797, 57, '4501174883', '03830', '000000000014635002', 'FLEXI 25227 FLOR ENTERA NEGRO 18/2, 18.5', 4, '135'),
(3798, 57, '4501174883', '03840', '000000000014635003', 'FLEXI 25227 FLOR ENTERA NEGRO 18/2, 19.0', 5, '135'),
(3799, 57, '4501174883', '03850', '000000000014635004', 'FLEXI 25227 FLOR ENTERA NEGRO 18/2, 19.5', 2, '135'),
(3800, 57, '4501174883', '03860', '000000000014635005', 'FLEXI 25227 FLOR ENTERA NEGRO 18/2, 20.0', 7, '135'),
(3801, 57, '4501174883', '03870', '000000000014635006', 'FLEXI 25227 FLOR ENTERA NEGRO 18/2, 20.5', 4, '135'),
(3802, 57, '4501174883', '03880', '000000000014635007', 'FLEXI 25227 FLOR ENTERA NEGRO 18/2, 21.0', 8, '135');

-- --------------------------------------------------------

--
-- Table structure for table `aspnetroles`
--

CREATE TABLE IF NOT EXISTS `aspnetroles` (
  `Id` varchar(128) NOT NULL,
  `Name` varchar(256) DEFAULT NULL,
  `Description` varchar(1000) DEFAULT NULL,
  `Tipo` enum('DAP','MERCADERIA','SERVICIO') DEFAULT NULL,
  PRIMARY KEY (`Id`)
) ENGINE=InnoDB DEFAULT CHARSET=utf8;

--
-- Dumping data for table `aspnetroles`
--

INSERT INTO `aspnetroles` (`Id`, `Name`, `Description`, `Tipo`) VALUES
('MAESTRO-MERCADERIA', 'MAESTRO-MERCADERIA', 'Administrador', 'MERCADERIA'),
('MAESTRO-NAZAN', 'MAESTRO-NAZAN', 'Administrador', 'DAP'),
('MAESTRO-SERVICIO', 'MAESTRO-SERVICIO', 'Administrador', 'SERVICIO'),
('MERCADERIA-ADMINISTRARPERFILES-LISTAR', 'MERCADERIA-ADMINISTRARPERFILES-LISTAR', 'Consultar Perfiles', 'MERCADERIA'),
('MERCADERIA-ADMINISTRARPERFILES-MODIFICAR', 'MERCADERIA-ADMINISTRARPERFILES-MODIFICAR', 'Modificar Perfiles', 'MERCADERIA'),
('MERCADERIA-ADMINISTRARUSUARIOS-LISTAR', 'MERCADERIA-ADMINISTRARUSUARIOS-LISTAR', 'Consultar Usuarios', 'MERCADERIA'),
('MERCADERIA-ADMINISTRARUSUARIOS-MODIFICAR', 'MERCADERIA-ADMINISTRARUSUARIOS-MODIFICAR', 'Modificar Usuarios', 'MERCADERIA'),
('MERCADERIA-COMPROBANTESRECIBO', 'MERCADERIA-COMPROBANTESRECIBO', 'Comprobantes de Recibo', 'MERCADERIA'),
('MERCADERIA-CONTROLCITAS', 'MERCADERIA-CONTROLCITAS', 'Control de Citas', 'MERCADERIA'),
('MERCADERIA-CUENTASPAGAR', 'MERCADERIA-CUENTASPAGAR', 'Cuentas por Pagar', 'MERCADERIA'),
('MERCADERIA-FACTURAS', 'MERCADERIA-FACTURAS', 'Gestion de Facturas', 'MERCADERIA'),
('MERCADERIA-GESTIONPROVEEDORES', 'MERCADERIA-GESTIONPROVEEDORES', 'Gestión de Proveedores', 'MERCADERIA'),
('MERCADERIA-IMPRESIONETIQUETAS', 'MERCADERIA-IMPRESIONETIQUETAS', 'Impresion de Etiquetas', 'MERCADERIA'),
('MERCADERIA-MENSAJESINSTITUCIONALES', 'MERCADERIA-MENSAJESINSTITUCIONALES', 'Mensajes Institucionales', 'MERCADERIA'),
('MERCADERIA-ORDENESCOMPRA', 'MERCADERIA-ORDENESCOMPRA', 'Ordenes de Compra', 'MERCADERIA'),
('MERCADERIA-REPORTESPROVEEDORES', 'MERCADERIA-REPORTESPROVEEDORES', 'Reportes Proveedores', 'MERCADERIA'),
('NAZAN-ADMINISTRARCALENDARIO', 'NAZAN-ADMINISTRARCALENDARIO', 'Calendario', 'DAP'),
('NAZAN-ADMINISTRARCITAS', 'NAZAN-ADMINISTRARCITAS', 'Administrar Citas', 'DAP'),
('NAZAN-ADMINISTRARFACTURAS', 'NAZAN-ADMINISTRARFACTURAS', 'Administrar Facturas', 'DAP'),
('NAZAN-ADMINISTRARMENSAJESINSTITUCIONALES-LISTAR', 'NAZAN-ADMINISTRARMENSAJESINSTITUCIONALES-LISTAR', 'Consultar Mensajes Insitucionales', 'DAP'),
('NAZAN-ADMINISTRARMENSAJESINSTITUCIONALES-MODIFICAR', 'NAZAN-ADMINISTRARMENSAJESINSTITUCIONALES-MODIFICAR', 'Modificar Mensajes Institucionales', 'DAP'),
('NAZAN-ADMINISTRARPERFILESNAZAN-LISTAR', 'NAZAN-ADMINISTRARPERFILESNAZAN-LISTAR', 'Consultar Perfiles', 'DAP'),
('NAZAN-ADMINISTRARPERFILESNAZAN-MODIFICAR', 'NAZAN-ADMINISTRARPERFILESNAZAN-MODIFICAR', 'Modificar Perfiles', 'DAP'),
('NAZAN-ADMINISTRARPROVEEDORESNAZAN-LISTAR', 'NAZAN-ADMINISTRARPROVEEDORESNAZAN-LISTAR', 'Consultar Proveedores', 'DAP'),
('NAZAN-ADMINISTRARPROVEEDORESNAZAN-MODIFICAR', 'NAZAN-ADMINISTRARPROVEEDORESNAZAN-MODIFICAR', 'Modificar Proveedores', 'DAP'),
('NAZAN-ADMINISTRARUSUARIOSNAZAN-LISTAR', 'NAZAN-ADMINISTRARUSUARIOSNAZAN-LISTAR', 'Consultar Usuarios', 'DAP'),
('NAZAN-ADMINISTRARUSUARIOSNAZAN-MODIFICAR', 'NAZAN-ADMINISTRARUSUARIOSNAZAN-MODIFICAR', 'Modificar Usuarios', 'DAP'),
('NAZAN-CONFIGSYS', 'NAZAN-CONFIGSYS', 'Configurar el Sistema', 'DAP'),
('NAZAN-NIVELSERVICIO', 'NAZAN-NIVELSERVICIO', 'Actualizar Niveles de Servicio', 'DAP'),
('SERVICIO-ADMINISTRARPERFILES-LISTAR', 'SERVICIO-ADMINISTRARPERFILES-LISTAR', 'Consultar Perfiles', 'SERVICIO'),
('SERVICIO-ADMINISTRARPERFILES-MODIFICAR', 'SERVICIO-ADMINISTRARPERFILES-MODIFICAR', 'Modificar Perfiles', 'SERVICIO'),
('SERVICIO-ADMINISTRARUSUARIOS-LISTAR', 'SERVICIO-ADMINISTRARUSUARIOS-LISTAR', 'Consultar Usuarios', 'SERVICIO'),
('SERVICIO-ADMINISTRARUSUARIOS-MODIFICAR', 'SERVICIO-ADMINISTRARUSUARIOS-MODIFICAR', 'Modificar usuarios', 'SERVICIO'),
('SERVICIO-CUENTASPAGAR', 'SERVICIO-CUENTASPAGAR', 'Cuentas por Pagar', 'SERVICIO'),
('SERVICIO-FACTURAS', 'SERVICIO-FACTURAS', 'Gestion de facturas', 'SERVICIO'),
('SERVICIO-GESTIONPROVEEDORES', 'SERVICIO-GESTIONPROVEEDORES', 'Gestión de Proveedores', 'SERVICIO'),
('SERVICIO-MENSAJESINSTITUCIONALES', 'SERVICIO-MENSAJESINSTITUCIONALES', 'Mensajes Insitucionales', 'SERVICIO'),
('SERVICIO-ORDENESCOMPRA', 'SERVICIO-ORDENESCOMPRA', 'Ordenes de Compra', 'SERVICIO'),
('SERVICIO-REPORTESPROVEEDORES', 'SERVICIO-REPORTESPROVEEDORES', 'Reportes Proveedores', 'SERVICIO');

-- --------------------------------------------------------

--
-- Table structure for table `aspnetuserclaims`
--

CREATE TABLE IF NOT EXISTS `aspnetuserclaims` (
  `Id` int(11) NOT NULL AUTO_INCREMENT,
  `UserId` varchar(128) NOT NULL,
  `ClaimType` longtext,
  `ClaimValue` longtext,
  PRIMARY KEY (`Id`),
  UNIQUE KEY `Id` (`Id`),
  KEY `UserId` (`UserId`)
) ENGINE=InnoDB DEFAULT CHARSET=utf8 AUTO_INCREMENT=1 ;

-- --------------------------------------------------------

--
-- Table structure for table `aspnetuserlogins`
--

CREATE TABLE IF NOT EXISTS `aspnetuserlogins` (
  `LoginProvider` varchar(128) NOT NULL,
  `ProviderKey` varchar(128) NOT NULL,
  `UserId` varchar(128) NOT NULL,
  PRIMARY KEY (`LoginProvider`,`ProviderKey`,`UserId`),
  KEY `ApplicationUser_Logins` (`UserId`)
) ENGINE=InnoDB DEFAULT CHARSET=utf8;

-- --------------------------------------------------------

--
-- Table structure for table `aspnetuserroles`
--

CREATE TABLE IF NOT EXISTS `aspnetuserroles` (
  `UserId` varchar(128) NOT NULL,
  `RoleId` varchar(128) NOT NULL DEFAULT '',
  PRIMARY KEY (`UserId`,`RoleId`),
  KEY `fk_aspnetuserroles_role` (`RoleId`)
) ENGINE=InnoDB DEFAULT CHARSET=utf8;

--
-- Dumping data for table `aspnetuserroles`
--

INSERT INTO `aspnetuserroles` (`UserId`, `RoleId`) VALUES
('8e44fa7a-71ef-4228-963d-77bc41aacf3f', 'MAESTRO-MERCADERIA'),
('0d21ebe4-3936-4cfb-8935-d82921b5b86e', 'MAESTRO-NAZAN'),
('5bce66ac-0175-4bd7-93aa-3fd03c9c0673', 'MERCADERIA-ADMINISTRARPERFILES-LISTAR'),
('e109c26e-b407-4e53-a288-161c4ef4fc50', 'NAZAN-ADMINISTRARPROVEEDORESNAZAN-LISTAR');

-- --------------------------------------------------------

--
-- Table structure for table `aspnetusers`
--

CREATE TABLE IF NOT EXISTS `aspnetusers` (
  `Id` varchar(128) NOT NULL,
  `Email` varchar(256) DEFAULT NULL,
  `EmailConfirmed` tinyint(1) DEFAULT NULL,
  `PasswordHash` longtext,
  `SecurityStamp` longtext,
  `PhoneNumber` longtext,
  `PhoneNumberConfirmed` tinyint(1) DEFAULT NULL,
  `TwoFactorEnabled` tinyint(1) DEFAULT NULL,
  `LockoutEndDateUtc` datetime DEFAULT NULL,
  `LockoutEnabled` tinyint(1) DEFAULT NULL,
  `AccessFailedCount` int(11) DEFAULT NULL,
  `UserName` varchar(256) NOT NULL,
  `Tipo` enum('DAP','MAESTRO-PROVEEDOR','PROVEEDOR') NOT NULL,
  `Activo` tinyint(1) NOT NULL,
  `Nombre` varchar(100) NOT NULL,
  `Apellido` varchar(100) NOT NULL,
  `Cargo` varchar(200) DEFAULT NULL,
  `PerfilId` int(11) NOT NULL,
  `TerminosCondicionesFecha` datetime DEFAULT NULL,
  `Borrado` tinyint(4) DEFAULT '0',
  `FechaTx` timestamp NULL DEFAULT CURRENT_TIMESTAMP,
  `UsuarioIdTx` varchar(128) DEFAULT NULL,
  `OperacionTx` enum('CREATE','UPDATE','DELETE') DEFAULT 'CREATE',
  PRIMARY KEY (`Id`),
  KEY `fk_aspnetusers_usuario` (`UsuarioIdTx`),
  KEY `fk_aspnetusers_perfil` (`PerfilId`)
) ENGINE=InnoDB DEFAULT CHARSET=utf8;

--
-- Dumping data for table `aspnetusers`
--

INSERT INTO `aspnetusers` (`Id`, `Email`, `EmailConfirmed`, `PasswordHash`, `SecurityStamp`, `PhoneNumber`, `PhoneNumberConfirmed`, `TwoFactorEnabled`, `LockoutEndDateUtc`, `LockoutEnabled`, `AccessFailedCount`, `UserName`, `Tipo`, `Activo`, `Nombre`, `Apellido`, `Cargo`, `PerfilId`, `TerminosCondicionesFecha`, `Borrado`, `FechaTx`, `UsuarioIdTx`, `OperacionTx`) VALUES
('0d21ebe4-3936-4cfb-8935-d82921b5b86e', 'superusuario', 0, 'ADq2Z+WZ/Ta1/ybYfumQgziVQ3fRPXQeyvl5iAhRLjSgNLYasZA+YCwX9QBLEwxz7Q==', '0e1cdfe9-d291-4d65-b21f-0f7696816c31', NULL, 0, 0, NULL, 1, 2, 'superusuario', 'DAP', 1, 'superusuario', 'superusuario', NULL, 129, NULL, 0, NULL, NULL, NULL),
('5bce66ac-0175-4bd7-93aa-3fd03c9c0673', 'cuentajuandelgado@gmail.com', 0, 'ACstQ07kF5RF1IYiasrYJs8NklrKn9sOXY75TUi3ko/JUr5qXeTgkUhc8APeyEuwUA==', '57ab6921-871e-4ed8-8fec-aa98b50cb043', '+52 (154) 258-5200', 0, 0, NULL, 1, 0, 'juand', 'PROVEEDOR', 1, 'juan', 'delgado', NULL, 131, '2017-06-05 14:26:32', 0, NULL, NULL, NULL),
('8e44fa7a-71ef-4228-963d-77bc41aacf3f', 'g.juanch14@gmail.com', 0, 'ANoVJ8tmGFpuYT/3n+XnC5Wg8w7GeR1SP744UiX49KxFlhkU94miwLm7nSB2xDWKVA==', '1722fd12-75b8-44e0-ae7b-4aefe43b7b0d', '+52 (213) 213-1313', 0, 0, NULL, 1, 0, 'cuentamercaderia', 'MAESTRO-PROVEEDOR', 1, 'Juan', 'Godoy', 'Gerente', 130, '2017-06-04 15:51:03', 0, NULL, NULL, NULL),
('e109c26e-b407-4e53-a288-161c4ef4fc50', 'adm1@gmail.com', 0, 'AJ00toOiaeN2nw5FIpjfSA7CB8bRj1hBH7GiVlYTEIVC+3tn8vXf7zMKBuEB1XQVMA==', 'e1757af8-1d34-4186-9e33-9b8b5b758821', '+52 (312) 312-3131', 0, 0, NULL, 1, 0, 'adm1', 'DAP', 1, 'Juan', 'Godoy', NULL, 132, NULL, 0, NULL, NULL, NULL);

-- --------------------------------------------------------

--
-- Table structure for table `citas`
--

CREATE TABLE IF NOT EXISTS `citas` (
  `Id` int(11) NOT NULL AUTO_INCREMENT,
  `Codigo` varchar(5) DEFAULT NULL,
  `FechaCita` datetime NOT NULL,
  `FechaCreacion` datetime DEFAULT NULL,
  `Almacen` varchar(45) DEFAULT NULL,
  `CantidadTotal` int(11) DEFAULT NULL,
  `ProveedorId` int(11) NOT NULL,
  `Borrado` tinyint(1) NOT NULL DEFAULT '0',
  `FechaTx` datetime DEFAULT NULL,
  `UsuarioIdTx` varchar(128) NOT NULL,
  `OperacionTx` enum('CREATE','UPDATE','DELETE') NOT NULL DEFAULT 'CREATE',
  `RielesOcupados` tinyint(4) NOT NULL DEFAULT '1',
  `EstatusCitaId` int(11) DEFAULT NULL,
  `Penalizado` tinyint(1) NOT NULL DEFAULT '0',
  PRIMARY KEY (`Id`),
  KEY `fk_citas_usuario` (`UsuarioIdTx`),
  KEY `fk_citas_estatus` (`EstatusCitaId`),
  KEY `fk_citas_proveedor_idx` (`ProveedorId`)
) ENGINE=InnoDB  DEFAULT CHARSET=utf8 AUTO_INCREMENT=58 ;

--
-- Dumping data for table `citas`
--

INSERT INTO `citas` (`Id`, `Codigo`, `FechaCita`, `FechaCreacion`, `Almacen`, `CantidadTotal`, `ProveedorId`, `Borrado`, `FechaTx`, `UsuarioIdTx`, `OperacionTx`, `RielesOcupados`, `EstatusCitaId`, `Penalizado`) VALUES
(57, NULL, '2017-06-16 00:00:00', NULL, 'Cross Dock', 1118, 69, 0, NULL, '8e44fa7a-71ef-4228-963d-77bc41aacf3f', 'CREATE', 4, NULL, 0);

-- --------------------------------------------------------

--
-- Table structure for table `componenteselectricos`
--

CREATE TABLE IF NOT EXISTS `componenteselectricos` (
  `Id` int(11) NOT NULL AUTO_INCREMENT,
  `Tipo` varchar(500) DEFAULT NULL,
  `Caracteristicas` varchar(500) DEFAULT NULL,
  `Descripcion` varchar(45) DEFAULT NULL,
  `Marca` varchar(45) DEFAULT NULL,
  `Modelo` varchar(45) DEFAULT NULL,
  `Serial` varchar(45) DEFAULT NULL,
  `FechaFabricado` datetime DEFAULT NULL,
  `Duracion` varchar(45) DEFAULT NULL,
  `Sustitucion` varchar(45) DEFAULT NULL,
  `Fotografia` varchar(1000) DEFAULT NULL,
  `IdEquipos` int(11) DEFAULT NULL,
  PRIMARY KEY (`Id`)
) ENGINE=MyISAM  DEFAULT CHARSET=latin1 COMMENT='	' AUTO_INCREMENT=2 ;

--
-- Dumping data for table `componenteselectricos`
--

INSERT INTO `componenteselectricos` (`Id`, `Tipo`, `Caracteristicas`, `Descripcion`, `Marca`, `Modelo`, `Serial`, `FechaFabricado`, `Duracion`, `Sustitucion`, `Fotografia`, `IdEquipos`) VALUES
(1, 'MECANISMOS DE PUERTAS', 'ninguna', 'ninguna', 'marca', '5454', 'a7d54dfew5', '2018-04-03 00:00:00', '3 años', 'ninguna', '~/Uploads/referencia.pdf', 1);

-- --------------------------------------------------------

--
-- Table structure for table `componenteselectricos_sustituciones`
--

CREATE TABLE IF NOT EXISTS `componenteselectricos_sustituciones` (
  `Id` int(11) NOT NULL AUTO_INCREMENT,
  `Tipo` varchar(500) DEFAULT NULL,
  `Caracteristicas` varchar(500) DEFAULT NULL,
  `Descripcion` varchar(45) DEFAULT NULL,
  `Marca` varchar(45) DEFAULT NULL,
  `Modelo` varchar(45) DEFAULT NULL,
  `Serial` varchar(45) DEFAULT NULL,
  `FechaFabricado` datetime DEFAULT NULL,
  `Duracion` varchar(45) DEFAULT NULL,
  `Sustitucion` varchar(45) DEFAULT NULL,
  `Fotografia` varchar(1000) DEFAULT NULL,
  `IdEquipos` int(11) DEFAULT NULL,
  PRIMARY KEY (`Id`)
) ENGINE=MyISAM DEFAULT CHARSET=latin1 COMMENT='	' AUTO_INCREMENT=1 ;

-- --------------------------------------------------------

--
-- Table structure for table `componenteselectronicos_tipos`
--

CREATE TABLE IF NOT EXISTS `componenteselectronicos_tipos` (
  `id` int(11) NOT NULL AUTO_INCREMENT,
  `descripcion` varchar(500) DEFAULT NULL,
  PRIMARY KEY (`id`)
) ENGINE=InnoDB  DEFAULT CHARSET=latin1 AUTO_INCREMENT=4 ;

--
-- Dumping data for table `componenteselectronicos_tipos`
--

INSERT INTO `componenteselectronicos_tipos` (`id`, `descripcion`) VALUES
(1, 'Operador de puerta'),
(2, 'Fotocelulas'),
(3, 'Tablero de Control');

-- --------------------------------------------------------

--
-- Table structure for table `componentesmecanicos`
--

CREATE TABLE IF NOT EXISTS `componentesmecanicos` (
  `Id` int(11) NOT NULL AUTO_INCREMENT,
  `Tipo` varchar(500) DEFAULT NULL,
  `Caracteristicas` varchar(500) DEFAULT NULL,
  `Descripcion` varchar(45) DEFAULT NULL,
  `Marca` varchar(45) DEFAULT NULL,
  `Modelo` varchar(45) DEFAULT NULL,
  `Serial` varchar(45) DEFAULT NULL,
  `FechaFabricado` datetime DEFAULT NULL,
  `Duracion` varchar(45) DEFAULT NULL,
  `Sustitucion` varchar(45) DEFAULT NULL,
  `Fotografia` varchar(1000) DEFAULT NULL,
  `IdEquipos` int(11) DEFAULT NULL,
  PRIMARY KEY (`Id`)
) ENGINE=MyISAM  DEFAULT CHARSET=latin1 COMMENT='	' AUTO_INCREMENT=2 ;

--
-- Dumping data for table `componentesmecanicos`
--

INSERT INTO `componentesmecanicos` (`Id`, `Tipo`, `Caracteristicas`, `Descripcion`, `Marca`, `Modelo`, `Serial`, `FechaFabricado`, `Duracion`, `Sustitucion`, `Fotografia`, `IdEquipos`) VALUES
(1, 'MOTOR', 'tubos en el motor', 'motor de ascensor', 'phillip', '05421', '878787aaaa8889', '2018-04-03 00:00:00', '2 años', 'ninguna', '~/Uploads/Factura-1279.pdf', 1);

-- --------------------------------------------------------

--
-- Table structure for table `componentesmecanicos_sustituciones`
--

CREATE TABLE IF NOT EXISTS `componentesmecanicos_sustituciones` (
  `Id` int(11) NOT NULL AUTO_INCREMENT,
  `Tipo` varchar(500) DEFAULT NULL,
  `Caracteristicas` varchar(500) DEFAULT NULL,
  `Descripcion` varchar(45) DEFAULT NULL,
  `Marca` varchar(45) DEFAULT NULL,
  `Modelo` varchar(45) DEFAULT NULL,
  `Serial` varchar(45) DEFAULT NULL,
  `FechaFabricado` datetime DEFAULT NULL,
  `Duracion` varchar(45) DEFAULT NULL,
  `Sustitucion` varchar(45) DEFAULT NULL,
  `Fotografia` varchar(45) DEFAULT NULL,
  `IdEquipos` int(11) DEFAULT NULL,
  PRIMARY KEY (`Id`)
) ENGINE=MyISAM DEFAULT CHARSET=latin1 AUTO_INCREMENT=1 ;

-- --------------------------------------------------------

--
-- Table structure for table `componentesmecanicos_tipos`
--

CREATE TABLE IF NOT EXISTS `componentesmecanicos_tipos` (
  `id` int(11) NOT NULL AUTO_INCREMENT,
  `descripcion` varchar(500) DEFAULT NULL,
  PRIMARY KEY (`id`)
) ENGINE=InnoDB  DEFAULT CHARSET=latin1 AUTO_INCREMENT=3 ;

--
-- Dumping data for table `componentesmecanicos_tipos`
--

INSERT INTO `componentesmecanicos_tipos` (`id`, `descripcion`) VALUES
(1, 'Puertas de pasillo'),
(2, 'Motor');

-- --------------------------------------------------------

--
-- Table structure for table `configuraciones`
--

CREATE TABLE IF NOT EXISTS `configuraciones` (
  `Id` int(11) NOT NULL AUTO_INCREMENT,
  `Clave` varchar(50) DEFAULT NULL,
  `Valor` varchar(200) DEFAULT NULL,
  `Habilitado` tinyint(1) NOT NULL DEFAULT '1',
  `Descripcion` varchar(1000) DEFAULT NULL,
  PRIMARY KEY (`Id`)
) ENGINE=InnoDB  DEFAULT CHARSET=utf8 AUTO_INCREMENT=126 ;

--
-- Dumping data for table `configuraciones`
--

INSERT INTO `configuraciones` (`Id`, `Clave`, `Valor`, `Habilitado`, `Descripcion`) VALUES
(72, 'warehouse.working-day.enabled', '2,3,4,5,6', 1, 'Indica los dias de la semana, donde 1=Domingo, 2=Lunes,...7=Sabado, donde se pueden hacer las recepciones de mercancias o entregas'),
(73, 'warehouse.special-day.provider', '4', 1, 'Indica el dia de entrega para los proveedores especiales o vip de impuls'),
(74, 'warehouse.max-pairs.per-day', '27000', 1, 'Indica la cantidad maxima de pares por dia permitida'),
(75, 'warehouse.max-pairs.per-week', '90000', 1, 'Indica la cantidad maxima de pares por semana permitida'),
(76, 'warehouse.crossdock-max-pairs.per-day', '27000', 1, 'Indica la cantidad maxima de pares por dia permitida para crossdock'),
(77, 'warehouse.platform-rail.max-pair.hour', '700', 1, 'Indica la cantidad maxima de pares por hora por riel permitida'),
(78, 'warehouse.platform-rail.max-pair.30min', '250', 1, 'Indica la cantidad maxima de pares cada media hora por riel permitida'),
(79, 'site.url', 'http://ppgz.com', 1, 'Indica la dirección del portal'),
(80, 'mail.main.address', 'impuls.ppgz@gmail.com', 1, 'Indica  la dirección del del correo emisor'),
(81, 'mail.main.password', 'Venezuela2017', 1, 'Indica la contraseña del del correo emisor'),
(82, 'mail.main.smtp.host', 'smtp.gmail.com', 1, 'Indica el host del servidor smtp del correo emisor'),
(83, 'mail.main.smtp.port', '587', 1, 'Indica el puerto del servidor smtp del correo emisor'),
(84, 'mail.main.smtp.enablessl', '1', 1, 'Indica si la conexión del servidor smtp require ssl'),
(85, 'rfc.bw.name', 'QIM', 1, ''),
(86, 'rfc.bw.appserverhost', '172.18.3.16', 1, ''),
(87, 'rfc.bw.user', 'USRPORTAL', 1, ''),
(88, 'rfc.bw.password', 'wspportalp', 1, ''),
(89, 'rfc.bw.client', '600', 1, ''),
(90, 'rfc.bw.systemnumber', '50', 1, ''),
(91, 'rfc.bw.language', 'EN', 1, ''),
(92, 'rfc.bw.poolsize', '5', 1, ''),
(93, 'rfc.bw.peakconnectionslimit', '35', 1, ''),
(94, 'rfc.bw.idletimeout', '500', 1, ''),
(95, 'rfc.main.name', 'QIM', 1, ''),
(96, 'rfc.main.appserverhost', '172.18.3.21', 1, ''),
(97, 'rfc.main.user', 'WSPRR', 1, ''),
(98, 'rfc.main.password', 'wsp2017', 1, ''),
(99, 'rfc.main.client', '300', 1, ''),
(100, 'rfc.main.systemnumber', '22', 1, ''),
(101, 'rfc.main.language', 'EN', 1, ''),
(102, 'rfc.main.poolsize', '5', 1, ''),
(103, 'rfc.main.peakconnectionslimit', '35', 1, ''),
(104, 'rfc.main.idletimeout', '500', 1, ''),
(105, 'warehouse.platform-rail.max-pair-hour.tolerance', '0.16', 1, 'Indica la tolerancia en márgenes de pares por hora'),
(106, 'batchfile.wrongfilespath', 'C:\\temp\\Ppgz\\WrongFiles', 1, ''),
(107, 'batchfile.crinboxpath', 'C:\\temp\\Ppgz\\Cr\\Inbox', 1, ''),
(108, 'batchfile.crpath', 'C:\\temp\\Ppgz\\Cr\\Processed', 1, ''),
(109, 'batchfile.crfilter', 'cr_*.pdf', 1, ''),
(110, 'batchfile.etiquetasinboxpath', 'C:\\temp\\Ppgz\\Etiquetas\\Inbox', 1, ''),
(111, 'batchfile.etiquetaspath', 'C:\\temp\\Ppgz\\Etiquetas\\Processed', 1, ''),
(112, 'batchfile.etiquetasfilter', 'etq_*.csv', 1, ''),
(113, 'rfc.common.function.param.bukrs.mercaderia', '1001', 1, ''),
(114, 'rfc.common.function.param.bukrs.servicio', '1000', 1, ''),
(115, 'facturas.rootdirectory', 'c:\\temp\\facturas\\', 1, ''),
(116, 'warehouse.warehouses', 'CD01,CD02,CD03,CD04,CD05,CD06', 1, 'Codigos SAP de todos los almacenes'),
(117, 'warehouse.limited-warehouses-per-day', 'CD01,CD06', 1, 'Codigos SAP de los almacenes que tienen cantidades limitadas por dia'),
(118, 'warehouse.limited-warehouses-per-week', 'CD01,CD06', 1, 'Codigos SAP de los almacenes que tienen cantidades limitadas por semana'),
(119, 'rfc.common.function.param.ekorg.mercaderia', 'OC01', 1, 'Parámetro de la Organización de Compras que será enviado para todos los proveedores registrados como Mercaderías'),
(120, 'rfc.common.function.param.ekorg.servicio', 'OC02', 1, 'Parámetro de la Organización de Compras que será enviado para todos los proveedores registrados como Servicio'),
(121, 'wfc.url.cita.add', 'http://localhost:14766/CitationControlService.svc/rest/AddCitation', 1, 'Url para el servicio que persiste las citas'),
(122, 'cfdi.token', 'tokSY9Db304Kx', 1, 'Parámetro requerido para el servicio web de validación de facturas'),
(123, 'cfdi.password', 'pswNfFPAaQhJ2', 1, 'Parámetro requerido para el servicio web de validación de facturas'),
(124, 'cfdi.user', 'usraLYhIjXOCJ', 1, 'Parámetro requerido para el servicio web de validación de facturas'),
(125, 'cfdi.cuenta', 'ctaduPw4Xeh0w', 1, 'Parámetro requerido para el servicio web de validación de facturas');

-- --------------------------------------------------------

--
-- Table structure for table `crs`
--

CREATE TABLE IF NOT EXISTS `crs` (
  `Id` int(11) NOT NULL AUTO_INCREMENT,
  `Codigo` varchar(20) DEFAULT NULL,
  `ArchivoCR` varchar(1000) DEFAULT NULL,
  `Fecha` datetime DEFAULT NULL,
  `CitaId` int(11) NOT NULL,
  PRIMARY KEY (`Id`),
  KEY `CitaId` (`CitaId`)
) ENGINE=InnoDB DEFAULT CHARSET=utf8 AUTO_INCREMENT=1 ;

-- --------------------------------------------------------

--
-- Table structure for table `cuentaproveedores`
--

CREATE TABLE IF NOT EXISTS `cuentaproveedores` (
  `NumeroProveedor` varchar(45) NOT NULL,
  `Nombre` varchar(45) DEFAULT NULL,
  `Ciudad` varchar(45) DEFAULT NULL,
  `Distrito` varchar(45) DEFAULT NULL,
  `VendedorNombre` varchar(45) DEFAULT NULL,
  `VendedorTelefono` varchar(45) DEFAULT NULL,
  `CompradorImpulsNombre` varchar(45) DEFAULT NULL,
  `CompradorImpulsTelefono` varchar(45) DEFAULT NULL,
  `CompradorImpulsEmail` varchar(45) DEFAULT NULL,
  `CuentaId` int(11) NOT NULL,
  PRIMARY KEY (`NumeroProveedor`,`CuentaId`),
  KEY `fk_cuetnasprov` (`CuentaId`)
) ENGINE=InnoDB DEFAULT CHARSET=utf8;

-- --------------------------------------------------------

--
-- Table structure for table `cuentas`
--

CREATE TABLE IF NOT EXISTS `cuentas` (
  `Id` int(11) NOT NULL AUTO_INCREMENT,
  `CodigoProveedor` varchar(50) DEFAULT NULL,
  `NombreCuenta` varchar(50) DEFAULT NULL,
  `FechaRegistro` datetime DEFAULT NULL,
  `Tipo` enum('MERCADERIA','SERVICIO') DEFAULT NULL,
  `EsEspecial` tinyint(1) NOT NULL DEFAULT '0',
  `Activo` tinyint(1) NOT NULL DEFAULT '1',
  `Borrado` tinyint(1) NOT NULL DEFAULT '0',
  `FechaTx` datetime DEFAULT NULL,
  `UsuarioIdTx` varchar(128) DEFAULT NULL,
  `OperacionTx` enum('CREATE','UPDATE','DELETE') DEFAULT 'CREATE',
  PRIMARY KEY (`Id`),
  KEY `fk_cuentas_usuario` (`UsuarioIdTx`)
) ENGINE=InnoDB  DEFAULT CHARSET=utf8 AUTO_INCREMENT=100 ;

--
-- Dumping data for table `cuentas`
--

INSERT INTO `cuentas` (`Id`, `CodigoProveedor`, `NombreCuenta`, `FechaRegistro`, `Tipo`, `EsEspecial`, `Activo`, `Borrado`, `FechaTx`, `UsuarioIdTx`, `OperacionTx`) VALUES
(99, '57534be6-3331-48d2-a2b7-801794824402', 'cuentamercaderia', NULL, 'MERCADERIA', 1, 1, 0, NULL, NULL, NULL);

-- --------------------------------------------------------

--
-- Table structure for table `cuentasmensajes`
--

CREATE TABLE IF NOT EXISTS `cuentasmensajes` (
  `Id` int(11) NOT NULL AUTO_INCREMENT,
  `FechaVisualizacion` datetime DEFAULT NULL,
  `MensajeId` int(11) DEFAULT NULL,
  `CuentaId` int(11) DEFAULT NULL,
  `UsuarioId` varchar(128) DEFAULT NULL,
  PRIMARY KEY (`Id`),
  KEY `fk_cuentasmensajes_mensaje` (`MensajeId`),
  KEY `fk_cuentasmensajes_cuenta` (`CuentaId`),
  KEY `fk_cuentasmensajes_usuario` (`UsuarioId`)
) ENGINE=InnoDB DEFAULT CHARSET=utf8 AUTO_INCREMENT=1 ;

-- --------------------------------------------------------

--
-- Table structure for table `cuentasusuarios`
--

CREATE TABLE IF NOT EXISTS `cuentasusuarios` (
  `UsuarioId` varchar(128) NOT NULL,
  `CuentaId` int(11) NOT NULL,
  PRIMARY KEY (`UsuarioId`,`CuentaId`),
  KEY `fk_cuentas` (`CuentaId`)
) ENGINE=InnoDB DEFAULT CHARSET=utf8;

--
-- Dumping data for table `cuentasusuarios`
--

INSERT INTO `cuentasusuarios` (`UsuarioId`, `CuentaId`) VALUES
('5bce66ac-0175-4bd7-93aa-3fd03c9c0673', 99),
('8e44fa7a-71ef-4228-963d-77bc41aacf3f', 99);

-- --------------------------------------------------------

--
-- Table structure for table `devoluciones`
--

CREATE TABLE IF NOT EXISTS `devoluciones` (
  `id` int(11) NOT NULL,
  `Referencia` varchar(200) NOT NULL,
  `Material` varchar(200) NOT NULL,
  `Descripcion` varchar(200) NOT NULL,
  `Cantidad` varchar(200) NOT NULL,
  `Importe` int(200) NOT NULL
) ENGINE=InnoDB DEFAULT CHARSET=utf8;

-- --------------------------------------------------------

--
-- Table structure for table `envios`
--

CREATE TABLE IF NOT EXISTS `envios` (
  `Id` int(11) NOT NULL AUTO_INCREMENT,
  `Obra` varchar(45) DEFAULT NULL,
  `TipoComponente` varchar(45) DEFAULT NULL,
  `FechaPedido` datetime DEFAULT NULL,
  `FechaSalida` datetime DEFAULT NULL,
  `Tracking` varchar(45) DEFAULT NULL,
  `EmpresaEnvio` varchar(45) DEFAULT NULL,
  `StatusEnvio` varchar(45) DEFAULT NULL,
  `NumeroBulto` varchar(45) DEFAULT NULL,
  `PesoTotal` varchar(45) DEFAULT NULL,
  `CodigoArancelario` varchar(45) DEFAULT NULL,
  `Solicitado` varchar(45) DEFAULT NULL,
  `CostoProducto` varchar(45) DEFAULT NULL,
  `StatusPago` varchar(45) DEFAULT NULL,
  `NumeroFactura` varchar(45) DEFAULT NULL,
  `StatusEntrega` varchar(45) DEFAULT NULL,
  `EntregaProducto` varchar(45) DEFAULT NULL,
  `FechaEntrega` datetime DEFAULT NULL,
  `obra_id` int(11) DEFAULT NULL,
  PRIMARY KEY (`Id`)
) ENGINE=MyISAM  DEFAULT CHARSET=latin1 AUTO_INCREMENT=3 ;

--
-- Dumping data for table `envios`
--

INSERT INTO `envios` (`Id`, `Obra`, `TipoComponente`, `FechaPedido`, `FechaSalida`, `Tracking`, `EmpresaEnvio`, `StatusEnvio`, `NumeroBulto`, `PesoTotal`, `CodigoArancelario`, `Solicitado`, `CostoProducto`, `StatusPago`, `NumeroFactura`, `StatusEntrega`, `EntregaProducto`, `FechaEntrega`, `obra_id`) VALUES
(1, 'CASA BLANCA PRUEBA', 'Operador de puerta', '2018-04-04 00:00:00', '2018-04-04 00:00:00', '14254787', 'DHL', 'RECIBIDO', '1457', '50', '132678', 'NO', '500', 'NO CANCELADO', '4548787544', 'RECIBIDA', NULL, '2018-04-04 00:00:00', 1),
(2, 'CASA BLANCA PRUEBA', 'Operador de puerta', '2018-04-04 00:00:00', '2018-04-04 00:00:00', '14254787', 'DHL', 'EN TRANSITO', '1457', '50', '132678', 'NO', '500', 'NO CANCELADO', '4548787544', 'RECIBIDA', NULL, '2018-04-04 00:00:00', 1);

-- --------------------------------------------------------

--
-- Table structure for table `envios_status`
--

CREATE TABLE IF NOT EXISTS `envios_status` (
  `id` int(11) NOT NULL AUTO_INCREMENT,
  `descripcion` varchar(500) DEFAULT NULL,
  `tipo` varchar(200) DEFAULT NULL,
  PRIMARY KEY (`id`)
) ENGINE=InnoDB  DEFAULT CHARSET=latin1 AUTO_INCREMENT=7 ;

--
-- Dumping data for table `envios_status`
--

INSERT INTO `envios_status` (`id`, `descripcion`, `tipo`) VALUES
(1, 'EN TRANSITO', 'envio'),
(2, 'RECIBIDO', 'envio'),
(3, 'CANCELADO', 'pago'),
(4, 'NO CANCELADO', 'pago'),
(5, 'RECIBIDA', 'entrega'),
(6, 'NO RECIBIDA', 'entrega');

-- --------------------------------------------------------

--
-- Table structure for table `equipo_tipo`
--

CREATE TABLE IF NOT EXISTS `equipo_tipo` (
  `Id` int(11) NOT NULL AUTO_INCREMENT,
  `Descripcion` varchar(500) DEFAULT NULL,
  PRIMARY KEY (`Id`)
) ENGINE=MyISAM  DEFAULT CHARSET=latin1 AUTO_INCREMENT=4 ;

--
-- Dumping data for table `equipo_tipo`
--

INSERT INTO `equipo_tipo` (`Id`, `Descripcion`) VALUES
(1, 'ASCENSOR PRIVADO'),
(2, 'ASCENSOR DE SERVICIO'),
(3, 'MONTA CARRO');

-- --------------------------------------------------------

--
-- Table structure for table `equipos`
--

CREATE TABLE IF NOT EXISTS `equipos` (
  `Id` int(11) NOT NULL AUTO_INCREMENT,
  `Nombre` varchar(45) DEFAULT NULL,
  `Marca` varchar(45) DEFAULT NULL,
  `Modelo` varchar(45) DEFAULT NULL,
  `Referencia` varchar(45) DEFAULT NULL,
  `DimensionesCabina` varchar(45) DEFAULT NULL,
  `DimensionesHueco` varchar(45) DEFAULT NULL,
  `CargaNominal` varchar(45) DEFAULT NULL,
  `Velocidad` varchar(45) DEFAULT NULL,
  `Recorrido` varchar(45) DEFAULT NULL,
  `Paradas` varchar(45) DEFAULT NULL,
  `Accesos` varchar(45) DEFAULT NULL,
  `VoltajeDeRed` varchar(45) DEFAULT NULL,
  `PotenciaDeMaquina` varchar(45) DEFAULT NULL,
  `TipoDeManiobra` varchar(45) DEFAULT NULL,
  `NumeroDeGuayas` varchar(45) DEFAULT NULL,
  `Fotografia` varchar(1000) DEFAULT NULL,
  `Plano` varchar(1000) DEFAULT NULL,
  `obra_id` int(11) DEFAULT NULL,
  PRIMARY KEY (`Id`)
) ENGINE=MyISAM  DEFAULT CHARSET=latin1 AUTO_INCREMENT=7 ;

--
-- Dumping data for table `equipos`
--

INSERT INTO `equipos` (`Id`, `Nombre`, `Marca`, `Modelo`, `Referencia`, `DimensionesCabina`, `DimensionesHueco`, `CargaNominal`, `Velocidad`, `Recorrido`, `Paradas`, `Accesos`, `VoltajeDeRed`, `PotenciaDeMaquina`, `TipoDeManiobra`, `NumeroDeGuayas`, `Fotografia`, `Plano`, `obra_id`) VALUES
(1, 'ASCENSOR PRIVADO', 'public', 'X', '12121', '12', '32', 'X', '50', 'X', 'X', 'X', 'X', 'X', 'X', 'X', '~/Uploads/Factura-1278.pdf', '~/Uploads/hosting.pdf', 1),
(2, 'ASCENSOR DE SERVICIO', 'X', 'X', 'X', 'X', 'X', 'X', 'X', 'X', 'X', 'X', 'X', 'X', 'X', 'X', 'X', 'X', 1),
(3, 'MONTA CARRO', 'x', 'x', 'x', 'x', 'x', 'x', 'x', 'x', 'x', 'x', 'x', 'x', 'x', 'x', 'x', 'x', 1),
(4, 'ASCENSOR PRIVADO', NULL, NULL, NULL, NULL, NULL, NULL, NULL, NULL, NULL, NULL, NULL, NULL, NULL, NULL, NULL, NULL, 3),
(5, 'ASCENSOR DE SERVICIO', NULL, NULL, NULL, NULL, NULL, NULL, NULL, NULL, NULL, NULL, NULL, NULL, NULL, NULL, NULL, NULL, 3),
(6, 'MONTA CARRO', NULL, NULL, NULL, NULL, NULL, NULL, NULL, NULL, NULL, NULL, NULL, NULL, NULL, NULL, NULL, NULL, 3);

-- --------------------------------------------------------

--
-- Table structure for table `estatuscitas`
--

CREATE TABLE IF NOT EXISTS `estatuscitas` (
  `Id` int(11) NOT NULL AUTO_INCREMENT,
  `Codigo` varchar(10) NOT NULL,
  `Nombre` varchar(20) NOT NULL,
  PRIMARY KEY (`Id`)
) ENGINE=InnoDB  DEFAULT CHARSET=utf8 AUTO_INCREMENT=4 ;

--
-- Dumping data for table `estatuscitas`
--

INSERT INTO `estatuscitas` (`Id`, `Codigo`, `Nombre`) VALUES
(1, '01', 'No Show'),
(2, '02', 'Entrega a destiempo'),
(3, '03', 'Falta de mercancía');

-- --------------------------------------------------------

--
-- Table structure for table `etiquetas`
--

CREATE TABLE IF NOT EXISTS `etiquetas` (
  `Id` int(11) NOT NULL AUTO_INCREMENT,
  `Archivo` varchar(1000) NOT NULL,
  `Fecha` datetime NOT NULL,
  `NumeroOrden` varchar(20) NOT NULL,
  `ProveedorId` int(11) NOT NULL,
  PRIMARY KEY (`Id`),
  KEY `fk_etiquetas_proveedores_idx` (`ProveedorId`)
) ENGINE=InnoDB DEFAULT CHARSET=utf8 AUTO_INCREMENT=1 ;

-- --------------------------------------------------------

--
-- Table structure for table `facturas`
--

CREATE TABLE IF NOT EXISTS `facturas` (
  `Id` int(11) NOT NULL AUTO_INCREMENT,
  `proveedor_id` int(11) NOT NULL,
  `Uuid` varchar(100) NOT NULL,
  `Serie` varchar(1000) NOT NULL,
  `Folio` varchar(1000) NOT NULL,
  `Fecha` datetime NOT NULL,
  `Total` decimal(18,2) NOT NULL,
  `XmlRuta` varchar(1000) NOT NULL,
  `PdfRuta` varchar(1000) NOT NULL,
  `Estatus` varchar(1) NOT NULL,
  `Comentario` varchar(5000) DEFAULT NULL,
  `NumeroGenerado` varchar(1000) DEFAULT NULL,
  PRIMARY KEY (`Id`),
  UNIQUE KEY `Uuid_UNIQUE` (`Uuid`),
  KEY `fk_facturas_proveedores_idx` (`proveedor_id`)
) ENGINE=InnoDB DEFAULT CHARSET=utf8 AUTO_INCREMENT=1 ;

-- --------------------------------------------------------

--
-- Table structure for table `fallas`
--

CREATE TABLE IF NOT EXISTS `fallas` (
  `Id` int(11) NOT NULL AUTO_INCREMENT,
  `FechaFalla` datetime NOT NULL,
  `Obra` varchar(45) DEFAULT NULL,
  `Equipo` varchar(45) DEFAULT NULL,
  `Tipo` varchar(45) DEFAULT NULL,
  `Componente` varchar(45) DEFAULT NULL,
  `Personal` varchar(45) DEFAULT NULL,
  `StatusFalla` varchar(45) DEFAULT NULL,
  `FechaSolucion` datetime DEFAULT NULL,
  `NumeroReporte` varchar(45) DEFAULT NULL,
  `Descripcion` varchar(200) DEFAULT NULL,
  `Condicion` varchar(45) DEFAULT NULL,
  `AccionesTomadas` varchar(1500) DEFAULT NULL,
  `AccionesRecomendadas` varchar(1500) DEFAULT NULL,
  `Duracion` varchar(45) DEFAULT NULL,
  `PersonaReporte` varchar(45) DEFAULT NULL,
  `GerenciaResponsable` varchar(45) DEFAULT NULL,
  `obra_id` int(11) DEFAULT NULL,
  PRIMARY KEY (`Id`)
) ENGINE=MyISAM  DEFAULT CHARSET=latin1 AUTO_INCREMENT=13 ;

--
-- Dumping data for table `fallas`
--

INSERT INTO `fallas` (`Id`, `FechaFalla`, `Obra`, `Equipo`, `Tipo`, `Componente`, `Personal`, `StatusFalla`, `FechaSolucion`, `NumeroReporte`, `Descripcion`, `Condicion`, `AccionesTomadas`, `AccionesRecomendadas`, `Duracion`, `PersonaReporte`, `GerenciaResponsable`, `obra_id`) VALUES
(1, '2018-03-06 00:00:00', 'CASA BLANCA PRUEBA', 'ASCENSOR PRIVADO', 'Electrónica', 'Fotocelulas', 'x', 'POR ATENDER', '2018-03-06 00:00:00', '15246747', 'fallas', 'malo', 'ninguna', 'nada', 'nada', 'jose', 'jose', 1),
(3, '2018-03-07 00:00:00', 'obras 2 de prueba', 'ascensor 2', 'ascensor', 'nada', 'nada', 'nada', '2018-03-07 00:00:00', NULL, NULL, NULL, NULL, NULL, NULL, NULL, NULL, 2),
(5, '2018-06-09 00:00:00', 'CASA BLANCA PRUEBA', 'ASCENSOR PRIVADO', 'Electrónica', 'Operador de puerta', 'iuui,', 'FALLA SOLUCIONADA', '2018-06-08 00:00:00', '96969', 'oll', 'lll', 'yiuk', 'ykuuk', 'o', 'imyu', 'imyu', 1),
(6, '2018-06-09 00:00:00', 'CASA BLANCA PRUEBA', 'ASCENSOR PRIVADO', 'Electrónica', 'Operador de puerta', 'ggr', 'FALLA SOLUCIONADA', '2018-06-09 00:00:00', '34534', 'gdfg', 'dfdfg', 'dfg', 'dfgdfgdfg', 'dfgdfgdf', 'dfgdfg', 'dfgdfg', 1),
(7, '2018-06-09 00:00:00', 'CASA BLANCA PRUEBA', 'ASCENSOR PRIVADO', 'Mecánica', 'Puertas de pasillo', '0uimumui', 'FALLA SOLUCIONADA', '2018-06-08 00:00:00', '5465463576', 'gftyjty', 'jytj', 'tyjtyjt', 'tyjyj', 'tyjtyjtyj', 'tyj', 'tyj', 1),
(8, '2018-06-10 00:00:00', 'CASA BLANCA PRUEBA', 'MONTA CARRO', 'Electrónica', 'Operador de puerta', 'ggryujyju', 'FALLA SOLUCIONADA', '2018-06-10 00:00:00', '3466', 'hh', 'trh', 'fghhgf', 'hgnffgn', 'fgnfn', 'fngn', 'fngn', 1),
(9, '2018-06-10 00:00:00', 'CASA BLANCA PRUEBA', 'ASCENSOR PRIVADO', 'Electrónica', 'Operador de puerta', 'ggr', 'FALLA SOLUCIONADA', '2018-07-14 00:00:00', '2355', 'dss', 'esfef', 'sfef', 'esf', 'sef', 'esf', 'esf', 1),
(10, '2018-06-09 00:00:00', 'CASA BLANCA PRUEBA', 'ASCENSOR PRIVADO', 'Electrónica', 'Operador de puerta', 'trejyj', 'FALLA SOLUCIONADA', '2018-06-15 00:00:00', '56757', 'tyjty', 'jjytyj', 'tyjtyjty', 'tyjtyj', 'tyjty', 'tyj', 'tyj', 1),
(11, '2018-06-09 00:00:00', 'CASA BLANCA PRUEBA', 'ASCENSOR PRIVADO', 'Electrónica', 'Operador de puerta', 'sgg', 'FALLA SOLUCIONADA', '2018-06-08 00:00:00', '325534', 'sdfsfgg', 'ggr', 'rg', 'rg', 'rg', 'gr', 'gr', 1),
(12, '2018-06-08 00:00:00', 'CASA BLANCA PRUEBA', 'ASCENSOR PRIVADO', 'Electrónica', 'Operador de puerta', 'ggr', 'POR ATENDER', '2018-06-29 00:00:00', '565', 'dfgd', 'dg', 'drg', 'drg', 'drg', 'drg', 'dr', 1);

-- --------------------------------------------------------

--
-- Table structure for table `fallas_status`
--

CREATE TABLE IF NOT EXISTS `fallas_status` (
  `id` int(11) NOT NULL AUTO_INCREMENT,
  `descripcion` varchar(500) DEFAULT NULL,
  PRIMARY KEY (`id`)
) ENGINE=InnoDB  DEFAULT CHARSET=latin1 AUTO_INCREMENT=6 ;

--
-- Dumping data for table `fallas_status`
--

INSERT INTO `fallas_status` (`id`, `descripcion`) VALUES
(1, 'POR ATENDER'),
(2, 'EN CORECCION'),
(3, 'FALLA SOLUCIONADA'),
(4, 'EN ESPERA DE COMPONENTE'),
(5, 'EN ESPERA DE REPUESTO');

-- --------------------------------------------------------

--
-- Table structure for table `fallas_tipo`
--

CREATE TABLE IF NOT EXISTS `fallas_tipo` (
  `id` int(11) NOT NULL AUTO_INCREMENT,
  `descripcion` varchar(500) DEFAULT NULL,
  PRIMARY KEY (`id`)
) ENGINE=InnoDB  DEFAULT CHARSET=latin1 AUTO_INCREMENT=3 ;

--
-- Dumping data for table `fallas_tipo`
--

INSERT INTO `fallas_tipo` (`id`, `descripcion`) VALUES
(1, 'Electrónica'),
(2, 'Mecánica');

-- --------------------------------------------------------

--
-- Table structure for table `fallascorreos`
--

CREATE TABLE IF NOT EXISTS `fallascorreos` (
  `Id` int(11) NOT NULL AUTO_INCREMENT,
  `url` varchar(1000) DEFAULT NULL,
  `fallas_id` int(11) DEFAULT NULL,
  PRIMARY KEY (`Id`)
) ENGINE=MyISAM DEFAULT CHARSET=latin1 AUTO_INCREMENT=1 ;

-- --------------------------------------------------------

--
-- Table structure for table `herramientas`
--

CREATE TABLE IF NOT EXISTS `herramientas` (
  `Id` int(11) NOT NULL AUTO_INCREMENT,
  `Descripcion` varchar(500) DEFAULT NULL,
  `Cantidad` int(11) DEFAULT NULL,
  `FechaSalida` datetime DEFAULT NULL,
  `Propiedad` varchar(45) DEFAULT NULL,
  `FechaCulminacion` datetime DEFAULT NULL,
  `CantidadDeposito` varchar(45) DEFAULT NULL,
  `FechaEntrada` datetime DEFAULT NULL,
  `SupervisorObra` varchar(500) DEFAULT NULL,
  `TecnicoResponsable` varchar(500) DEFAULT NULL,
  `Observaciones` varchar(5000) DEFAULT NULL,
  `previo_id` int(11) DEFAULT NULL,
  `obra_id` int(11) NOT NULL,
  PRIMARY KEY (`Id`)
) ENGINE=MyISAM  DEFAULT CHARSET=latin1 AUTO_INCREMENT=2 ;

--
-- Dumping data for table `herramientas`
--

INSERT INTO `herramientas` (`Id`, `Descripcion`, `Cantidad`, `FechaSalida`, `Propiedad`, `FechaCulminacion`, `CantidadDeposito`, `FechaEntrada`, `SupervisorObra`, `TecnicoResponsable`, `Observaciones`, `previo_id`, `obra_id`) VALUES
(1, 'clavo', 45, '2018-04-03 00:00:00', 'jefes', '2018-04-06 00:00:00', '40', '2018-04-20 00:00:00', 'jose', 'pedro', 'ninguna', 1, 0);

-- --------------------------------------------------------

--
-- Table structure for table `horariorieles`
--

CREATE TABLE IF NOT EXISTS `horariorieles` (
  `Id` int(11) NOT NULL AUTO_INCREMENT,
  `Fecha` date NOT NULL,
  `Disponibilidad` tinyint(1) NOT NULL DEFAULT '1',
  `HorarioId` int(11) NOT NULL,
  `AlmacenRielId` int(11) NOT NULL,
  `CitaId` int(11) DEFAULT NULL,
  `ComentarioBloqueo` varchar(2000) DEFAULT NULL,
  PRIMARY KEY (`Id`),
  KEY `fk_horariorieles_horarios` (`HorarioId`),
  KEY `fk_horariorieles_rieles` (`AlmacenRielId`),
  KEY `fk_horariorieles_citas` (`CitaId`)
) ENGINE=InnoDB  DEFAULT CHARSET=utf8 AUTO_INCREMENT=1345 ;

--
-- Dumping data for table `horariorieles`
--

INSERT INTO `horariorieles` (`Id`, `Fecha`, `Disponibilidad`, `HorarioId`, `AlmacenRielId`, `CitaId`, `ComentarioBloqueo`) VALUES
(1177, '2017-06-16', 1, 1, 1, NULL, NULL),
(1178, '2017-06-16', 1, 2, 1, NULL, NULL),
(1179, '2017-06-16', 0, 3, 1, 57, NULL),
(1180, '2017-06-16', 1, 4, 1, NULL, NULL),
(1181, '2017-06-16', 1, 5, 1, NULL, NULL),
(1182, '2017-06-16', 1, 6, 1, NULL, NULL),
(1183, '2017-06-16', 1, 7, 1, NULL, NULL),
(1184, '2017-06-16', 1, 8, 1, NULL, NULL),
(1185, '2017-06-16', 1, 9, 1, NULL, NULL),
(1186, '2017-06-16', 1, 10, 1, NULL, NULL),
(1187, '2017-06-16', 1, 11, 1, NULL, NULL),
(1188, '2017-06-16', 1, 12, 1, NULL, NULL),
(1189, '2017-06-16', 1, 13, 1, NULL, NULL),
(1190, '2017-06-16', 1, 14, 1, NULL, NULL),
(1191, '2017-06-16', 1, 15, 1, NULL, NULL),
(1192, '2017-06-16', 1, 16, 1, NULL, NULL),
(1193, '2017-06-16', 1, 17, 1, NULL, NULL),
(1194, '2017-06-16', 1, 18, 1, NULL, NULL),
(1195, '2017-06-16', 1, 19, 1, NULL, NULL),
(1196, '2017-06-16', 1, 20, 1, NULL, NULL),
(1197, '2017-06-16', 1, 21, 1, NULL, NULL),
(1198, '2017-06-16', 1, 22, 1, NULL, NULL),
(1199, '2017-06-16', 1, 23, 1, NULL, NULL),
(1200, '2017-06-16', 1, 24, 1, NULL, NULL),
(1201, '2017-06-16', 1, 25, 1, NULL, NULL),
(1202, '2017-06-16', 1, 26, 1, NULL, NULL),
(1203, '2017-06-16', 1, 27, 1, NULL, NULL),
(1204, '2017-06-16', 1, 28, 1, NULL, NULL),
(1205, '2017-06-16', 1, 1, 2, NULL, NULL),
(1206, '2017-06-16', 0, 2, 2, 57, NULL),
(1207, '2017-06-16', 0, 3, 2, 57, NULL),
(1208, '2017-06-16', 1, 4, 2, NULL, NULL),
(1209, '2017-06-16', 1, 5, 2, NULL, NULL),
(1210, '2017-06-16', 1, 6, 2, NULL, NULL),
(1211, '2017-06-16', 1, 7, 2, NULL, NULL),
(1212, '2017-06-16', 1, 8, 2, NULL, NULL),
(1213, '2017-06-16', 1, 9, 2, NULL, NULL),
(1214, '2017-06-16', 1, 10, 2, NULL, NULL),
(1215, '2017-06-16', 1, 11, 2, NULL, NULL),
(1216, '2017-06-16', 1, 12, 2, NULL, NULL),
(1217, '2017-06-16', 1, 13, 2, NULL, NULL),
(1218, '2017-06-16', 1, 14, 2, NULL, NULL),
(1219, '2017-06-16', 1, 15, 2, NULL, NULL),
(1220, '2017-06-16', 1, 16, 2, NULL, NULL),
(1221, '2017-06-16', 1, 17, 2, NULL, NULL),
(1222, '2017-06-16', 1, 18, 2, NULL, NULL),
(1223, '2017-06-16', 1, 19, 2, NULL, NULL),
(1224, '2017-06-16', 1, 20, 2, NULL, NULL),
(1225, '2017-06-16', 1, 21, 2, NULL, NULL),
(1226, '2017-06-16', 1, 22, 2, NULL, NULL),
(1227, '2017-06-16', 1, 23, 2, NULL, NULL),
(1228, '2017-06-16', 1, 24, 2, NULL, NULL),
(1229, '2017-06-16', 1, 25, 2, NULL, NULL),
(1230, '2017-06-16', 1, 26, 2, NULL, NULL),
(1231, '2017-06-16', 1, 27, 2, NULL, NULL),
(1232, '2017-06-16', 1, 28, 2, NULL, NULL),
(1233, '2017-06-16', 1, 1, 3, NULL, NULL),
(1234, '2017-06-16', 1, 2, 3, NULL, NULL),
(1235, '2017-06-16', 1, 3, 3, NULL, NULL),
(1236, '2017-06-16', 1, 4, 3, NULL, NULL),
(1237, '2017-06-16', 1, 5, 3, NULL, NULL),
(1238, '2017-06-16', 1, 6, 3, NULL, NULL),
(1239, '2017-06-16', 1, 7, 3, NULL, NULL),
(1240, '2017-06-16', 1, 8, 3, NULL, NULL),
(1241, '2017-06-16', 1, 9, 3, NULL, NULL),
(1242, '2017-06-16', 1, 10, 3, NULL, NULL),
(1243, '2017-06-16', 1, 11, 3, NULL, NULL),
(1244, '2017-06-16', 1, 12, 3, NULL, NULL),
(1245, '2017-06-16', 1, 13, 3, NULL, NULL),
(1246, '2017-06-16', 1, 14, 3, NULL, NULL),
(1247, '2017-06-16', 1, 15, 3, NULL, NULL),
(1248, '2017-06-16', 1, 16, 3, NULL, NULL),
(1249, '2017-06-16', 1, 17, 3, NULL, NULL),
(1250, '2017-06-16', 1, 18, 3, NULL, NULL),
(1251, '2017-06-16', 1, 19, 3, NULL, NULL),
(1252, '2017-06-16', 1, 20, 3, NULL, NULL),
(1253, '2017-06-16', 1, 21, 3, NULL, NULL),
(1254, '2017-06-16', 1, 22, 3, NULL, NULL),
(1255, '2017-06-16', 1, 23, 3, NULL, NULL),
(1256, '2017-06-16', 1, 24, 3, NULL, NULL),
(1257, '2017-06-16', 1, 25, 3, NULL, NULL),
(1258, '2017-06-16', 1, 26, 3, NULL, NULL),
(1259, '2017-06-16', 1, 27, 3, NULL, NULL),
(1260, '2017-06-16', 1, 28, 3, NULL, NULL),
(1261, '2017-06-16', 1, 1, 4, NULL, NULL),
(1262, '2017-06-16', 1, 2, 4, NULL, NULL),
(1263, '2017-06-16', 1, 3, 4, NULL, NULL),
(1264, '2017-06-16', 1, 4, 4, NULL, NULL),
(1265, '2017-06-16', 1, 5, 4, NULL, NULL),
(1266, '2017-06-16', 1, 6, 4, NULL, NULL),
(1267, '2017-06-16', 1, 7, 4, NULL, NULL),
(1268, '2017-06-16', 1, 8, 4, NULL, NULL),
(1269, '2017-06-16', 1, 9, 4, NULL, NULL),
(1270, '2017-06-16', 1, 10, 4, NULL, NULL),
(1271, '2017-06-16', 1, 11, 4, NULL, NULL),
(1272, '2017-06-16', 1, 12, 4, NULL, NULL),
(1273, '2017-06-16', 1, 13, 4, NULL, NULL),
(1274, '2017-06-16', 1, 14, 4, NULL, NULL),
(1275, '2017-06-16', 1, 15, 4, NULL, NULL),
(1276, '2017-06-16', 1, 16, 4, NULL, NULL),
(1277, '2017-06-16', 1, 17, 4, NULL, NULL),
(1278, '2017-06-16', 1, 18, 4, NULL, NULL),
(1279, '2017-06-16', 1, 19, 4, NULL, NULL),
(1280, '2017-06-16', 1, 20, 4, NULL, NULL),
(1281, '2017-06-16', 1, 21, 4, NULL, NULL),
(1282, '2017-06-16', 1, 22, 4, NULL, NULL),
(1283, '2017-06-16', 1, 23, 4, NULL, NULL),
(1284, '2017-06-16', 1, 24, 4, NULL, NULL),
(1285, '2017-06-16', 1, 25, 4, NULL, NULL),
(1286, '2017-06-16', 1, 26, 4, NULL, NULL),
(1287, '2017-06-16', 1, 27, 4, NULL, NULL),
(1288, '2017-06-16', 1, 28, 4, NULL, NULL),
(1289, '2017-06-16', 1, 1, 5, NULL, NULL),
(1290, '2017-06-16', 1, 2, 5, NULL, NULL),
(1291, '2017-06-16', 1, 3, 5, NULL, NULL),
(1292, '2017-06-16', 1, 4, 5, NULL, NULL),
(1293, '2017-06-16', 1, 5, 5, NULL, NULL),
(1294, '2017-06-16', 1, 6, 5, NULL, NULL),
(1295, '2017-06-16', 1, 7, 5, NULL, NULL),
(1296, '2017-06-16', 1, 8, 5, NULL, NULL),
(1297, '2017-06-16', 1, 9, 5, NULL, NULL),
(1298, '2017-06-16', 1, 10, 5, NULL, NULL),
(1299, '2017-06-16', 1, 11, 5, NULL, NULL),
(1300, '2017-06-16', 1, 12, 5, NULL, NULL),
(1301, '2017-06-16', 1, 13, 5, NULL, NULL),
(1302, '2017-06-16', 1, 14, 5, NULL, NULL),
(1303, '2017-06-16', 1, 15, 5, NULL, NULL),
(1304, '2017-06-16', 1, 16, 5, NULL, NULL),
(1305, '2017-06-16', 1, 17, 5, NULL, NULL),
(1306, '2017-06-16', 1, 18, 5, NULL, NULL),
(1307, '2017-06-16', 1, 19, 5, NULL, NULL),
(1308, '2017-06-16', 1, 20, 5, NULL, NULL),
(1309, '2017-06-16', 1, 21, 5, NULL, NULL),
(1310, '2017-06-16', 1, 22, 5, NULL, NULL),
(1311, '2017-06-16', 1, 23, 5, NULL, NULL),
(1312, '2017-06-16', 1, 24, 5, NULL, NULL),
(1313, '2017-06-16', 1, 25, 5, NULL, NULL),
(1314, '2017-06-16', 1, 26, 5, NULL, NULL),
(1315, '2017-06-16', 1, 27, 5, NULL, NULL),
(1316, '2017-06-16', 1, 28, 5, NULL, NULL),
(1317, '2017-06-16', 0, 1, 6, 57, NULL),
(1318, '2017-06-16', 1, 2, 6, NULL, NULL),
(1319, '2017-06-16', 1, 3, 6, NULL, NULL),
(1320, '2017-06-16', 1, 4, 6, NULL, NULL),
(1321, '2017-06-16', 1, 5, 6, NULL, NULL),
(1322, '2017-06-16', 1, 6, 6, NULL, NULL),
(1323, '2017-06-16', 1, 7, 6, NULL, NULL),
(1324, '2017-06-16', 1, 8, 6, NULL, NULL),
(1325, '2017-06-16', 1, 9, 6, NULL, NULL),
(1326, '2017-06-16', 1, 10, 6, NULL, NULL),
(1327, '2017-06-16', 1, 11, 6, NULL, NULL),
(1328, '2017-06-16', 1, 12, 6, NULL, NULL),
(1329, '2017-06-16', 1, 13, 6, NULL, NULL),
(1330, '2017-06-16', 1, 14, 6, NULL, NULL),
(1331, '2017-06-16', 1, 15, 6, NULL, NULL),
(1332, '2017-06-16', 1, 16, 6, NULL, NULL),
(1333, '2017-06-16', 1, 17, 6, NULL, NULL),
(1334, '2017-06-16', 1, 18, 6, NULL, NULL),
(1335, '2017-06-16', 1, 19, 6, NULL, NULL),
(1336, '2017-06-16', 1, 20, 6, NULL, NULL),
(1337, '2017-06-16', 1, 21, 6, NULL, NULL),
(1338, '2017-06-16', 1, 22, 6, NULL, NULL),
(1339, '2017-06-16', 1, 23, 6, NULL, NULL),
(1340, '2017-06-16', 1, 24, 6, NULL, NULL),
(1341, '2017-06-16', 1, 25, 6, NULL, NULL),
(1342, '2017-06-16', 1, 26, 6, NULL, NULL),
(1343, '2017-06-16', 1, 27, 6, NULL, NULL),
(1344, '2017-06-16', 1, 28, 6, NULL, NULL);

-- --------------------------------------------------------

--
-- Table structure for table `horarios`
--

CREATE TABLE IF NOT EXISTS `horarios` (
  `Id` int(11) NOT NULL AUTO_INCREMENT,
  `HoraDesde` varchar(20) NOT NULL,
  `HoraHasta` varchar(20) NOT NULL,
  PRIMARY KEY (`Id`)
) ENGINE=InnoDB  DEFAULT CHARSET=utf8 AUTO_INCREMENT=29 ;

--
-- Dumping data for table `horarios`
--

INSERT INTO `horarios` (`Id`, `HoraDesde`, `HoraHasta`) VALUES
(1, '7:00 am', '7:30 am'),
(2, '7:30 am', '8:00 am'),
(3, '8:00 am', '8:30 am'),
(4, '8:30 am', '9:00 am'),
(5, '9:00 am', '9:30 am'),
(6, '9:30 am', '10:00 am'),
(7, '10:00 am', '10:30 am'),
(8, '10:30 am', '11:00 am'),
(9, '11:00 am', '11:30 am'),
(10, '11:30 am', '12:00 pm'),
(11, '12:00 pm', '12:30 pm'),
(12, '12:30 pm', '1:00 pm'),
(13, '1:00 pm', '1:30 pm'),
(14, '1:30 pm', '2:00 pm'),
(15, '2:00 pm', '2:30 pm'),
(16, '2:30 pm', '3:00 pm'),
(17, '3:00 pm', '3:30 pm'),
(18, '3:30 pm', '4:00 pm'),
(19, '4:00 pm', '4:30 pm'),
(20, '4:30 pm', '5:00 pm'),
(21, '5:00 pm', '5:30 pm'),
(22, '5:30 pm', '6:00 pm'),
(23, '6:00 pm', '6:30 pm'),
(24, '6:30 pm', '7:00 pm'),
(25, '7:00 pm', '7:30 pm'),
(26, '7:30 pm', '8:00 pm'),
(27, '8:00 pm', '8:30 pm'),
(28, '8:30 pm', '9:00 pm');

-- --------------------------------------------------------

--
-- Table structure for table `impuls_logs`
--

CREATE TABLE IF NOT EXISTS `impuls_logs` (
  `id` int(11) NOT NULL AUTO_INCREMENT,
  `log` varchar(255) DEFAULT NULL,
  `fecha` timestamp NOT NULL DEFAULT CURRENT_TIMESTAMP,
  PRIMARY KEY (`id`)
) ENGINE=InnoDB  DEFAULT CHARSET=utf8 AUTO_INCREMENT=841 ;

--
-- Dumping data for table `impuls_logs`
--

INSERT INTO `impuls_logs` (`id`, `log`, `fecha`) VALUES
(71, 'DELETED cuentasmensajes Cuenta:54', '2017-04-03 23:06:18'),
(72, 'DELETED perfilesroles Cuenta:54', '2017-04-03 23:06:18'),
(73, 'DELETED cuentasmensajes Cuenta:55', '2017-04-05 02:15:10'),
(74, 'DELETED perfilesroles Cuenta:55', '2017-04-05 02:15:10'),
(75, 'DELETED cuentasmensajes Cuenta:55', '2017-04-05 02:16:33'),
(76, 'DELETED perfilesroles Cuenta:55', '2017-04-05 02:16:33'),
(77, 'DELETED cuentasmensajes Cuenta:58', '2017-04-13 12:03:19'),
(78, 'DELETED perfilesroles Cuenta:58', '2017-04-13 12:03:19'),
(79, 'DELETED cuentasmensajes Cuenta:59', '2017-04-13 12:05:18'),
(80, 'DELETED perfilesroles Cuenta:59', '2017-04-13 12:05:18'),
(81, 'DELETED cuentasmensajes Cuenta:60', '2017-04-13 12:05:59'),
(82, 'DELETED perfilesroles Cuenta:60', '2017-04-13 12:05:59'),
(83, 'DELETED cuentasmensajes Cuenta:61', '2017-04-13 12:12:11'),
(84, 'DELETED perfilesroles Cuenta:61', '2017-04-13 12:12:11'),
(85, 'DELETED cuentasxpagar Cuenta:61', '2017-04-13 12:12:11'),
(86, 'DELETED ordencompradetalle Cuenta:61', '2017-04-13 12:12:11'),
(87, 'DELETED ordencompra Cuenta:61', '2017-04-13 12:12:11'),
(88, 'DELETED proveedores Cuenta:61', '2017-04-13 12:12:11'),
(89, 'UPDATED AspNetUsers Cuenta:61', '2017-04-13 12:12:11'),
(90, 'DELETED AspNetUserRoles Cuenta:61', '2017-04-13 12:12:11'),
(91, 'UPDATED cuentas Cuenta:61', '2017-04-13 12:12:11'),
(92, 'DELETED perfiles Cuenta:61', '2017-04-13 12:12:11'),
(93, 'DELETED cuentas Cuenta:61', '2017-04-13 12:12:11'),
(94, 'DELETED cuentasmensajes Cuenta:53', '2017-04-13 12:16:30'),
(95, 'DELETED perfilesroles Cuenta:53', '2017-04-13 12:16:30'),
(96, 'DELETED cuentasxpagar Cuenta:53', '2017-04-13 12:16:30'),
(97, 'DELETED ordencompradetalle Cuenta:53', '2017-04-13 12:16:30'),
(98, 'DELETED ordencompra Cuenta:53', '2017-04-13 12:16:30'),
(99, 'DELETED proveedores Cuenta:53', '2017-04-13 12:16:30'),
(100, 'UPDATED AspNetUsers Cuenta:53', '2017-04-13 12:16:30'),
(101, 'DELETED AspNetUserRoles Cuenta:53', '2017-04-13 12:16:30'),
(102, 'UPDATED cuentas Cuenta:53', '2017-04-13 12:16:30'),
(103, 'DELETED AspNetUserRoles UserId: 85798f4c-8701-4170-8b63-149e9a50dde7, Cuenta: 53', '2017-04-13 12:16:30'),
(104, 'DELETED cuentasusuarios Cuenta:53', '2017-04-13 12:16:30'),
(105, 'DELETED AspNetUsers Cuenta:85798f4c-8701-4170-8b63-149e9a50dde7', '2017-04-13 12:16:30'),
(106, 'DELETED perfiles Cuenta:53', '2017-04-13 12:16:30'),
(107, 'DELETED cuentas Cuenta:53', '2017-04-13 12:16:30'),
(108, 'DELETED cuentasmensajes Cuenta:56', '2017-04-13 12:16:39'),
(109, 'DELETED perfilesroles Cuenta:56', '2017-04-13 12:16:39'),
(110, 'DELETED cuentasxpagar Cuenta:56', '2017-04-13 12:16:39'),
(111, 'DELETED ordencompradetalle Cuenta:56', '2017-04-13 12:16:39'),
(112, 'DELETED ordencompra Cuenta:56', '2017-04-13 12:16:39'),
(113, 'DELETED proveedores Cuenta:56', '2017-04-13 12:16:39'),
(114, 'UPDATED AspNetUsers Cuenta:56', '2017-04-13 12:16:39'),
(115, 'DELETED AspNetUserRoles Cuenta:56', '2017-04-13 12:16:39'),
(116, 'UPDATED cuentas Cuenta:56', '2017-04-13 12:16:39'),
(117, 'DELETED AspNetUserRoles UserId: 3c5150a0-1985-4790-9b6a-3a405d8c4c44, Cuenta: 56', '2017-04-13 12:16:39'),
(118, 'DELETED cuentasusuarios Cuenta:56', '2017-04-13 12:16:39'),
(119, 'DELETED AspNetUsers Cuenta:3c5150a0-1985-4790-9b6a-3a405d8c4c44', '2017-04-13 12:16:39'),
(120, 'DELETED AspNetUserRoles UserId: 6f05c658-5296-4e39-9773-af04882419cb, Cuenta: 56', '2017-04-13 12:16:39'),
(121, 'DELETED cuentasusuarios Cuenta:56', '2017-04-13 12:16:39'),
(122, 'DELETED AspNetUsers Cuenta:6f05c658-5296-4e39-9773-af04882419cb', '2017-04-13 12:16:39'),
(123, 'DELETED perfiles Cuenta:56', '2017-04-13 12:16:39'),
(124, 'DELETED cuentas Cuenta:56', '2017-04-13 12:16:39'),
(125, 'DELETED cuentasmensajes Cuenta:55', '2017-04-13 12:17:05'),
(126, 'DELETED perfilesroles Cuenta:55', '2017-04-13 12:17:05'),
(127, 'DELETED cuentasxpagar Cuenta:55', '2017-04-13 12:17:05'),
(128, 'DELETED ordencompradetalle Cuenta:55', '2017-04-13 12:17:05'),
(129, 'DELETED ordencompra Cuenta:55', '2017-04-13 12:17:05'),
(130, 'DELETED proveedores Cuenta:55', '2017-04-13 12:17:05'),
(131, 'UPDATED AspNetUsers Cuenta:55', '2017-04-13 12:17:05'),
(132, 'DELETED AspNetUserRoles Cuenta:55', '2017-04-13 12:17:05'),
(133, 'UPDATED cuentas Cuenta:55', '2017-04-13 12:17:05'),
(134, 'DELETED AspNetUserRoles UserId: 62c2695e-4685-4dff-b1a3-0a7dd2ee6662, Cuenta: 55', '2017-04-13 12:17:05'),
(135, 'DELETED cuentasusuarios Cuenta:55', '2017-04-13 12:17:05'),
(136, 'DELETED AspNetUsers Cuenta:62c2695e-4685-4dff-b1a3-0a7dd2ee6662', '2017-04-13 12:17:05'),
(137, 'DELETED perfiles Cuenta:55', '2017-04-13 12:17:05'),
(138, 'DELETED cuentas Cuenta:55', '2017-04-13 12:17:05'),
(139, 'DELETED cuentasmensajes Cuenta:57', '2017-04-13 12:17:16'),
(140, 'DELETED perfilesroles Cuenta:57', '2017-04-13 12:17:16'),
(141, 'DELETED cuentasxpagar Cuenta:57', '2017-04-13 12:17:16'),
(142, 'DELETED ordencompradetalle Cuenta:57', '2017-04-13 12:17:16'),
(143, 'DELETED ordencompra Cuenta:57', '2017-04-13 12:17:16'),
(144, 'DELETED proveedores Cuenta:57', '2017-04-13 12:17:16'),
(145, 'UPDATED AspNetUsers Cuenta:57', '2017-04-13 12:17:16'),
(146, 'DELETED AspNetUserRoles Cuenta:57', '2017-04-13 12:17:16'),
(147, 'UPDATED cuentas Cuenta:57', '2017-04-13 12:17:16'),
(148, 'DELETED AspNetUserRoles UserId: 7edf63bf-ba21-4849-814c-41c9d81784de, Cuenta: 57', '2017-04-13 12:17:16'),
(149, 'DELETED cuentasusuarios Cuenta:57', '2017-04-13 12:17:16'),
(150, 'DELETED AspNetUsers Cuenta:7edf63bf-ba21-4849-814c-41c9d81784de', '2017-04-13 12:17:16'),
(151, 'DELETED perfiles Cuenta:57', '2017-04-13 12:17:16'),
(152, 'DELETED cuentas Cuenta:57', '2017-04-13 12:17:16'),
(153, 'DELETED cuentasmensajes Cuenta:59', '2017-04-13 12:17:44'),
(154, 'DELETED perfilesroles Cuenta:59', '2017-04-13 12:17:44'),
(155, 'DELETED cuentasxpagar Cuenta:59', '2017-04-13 12:17:44'),
(156, 'DELETED ordencompradetalle Cuenta:59', '2017-04-13 12:17:44'),
(157, 'DELETED ordencompra Cuenta:59', '2017-04-13 12:17:44'),
(158, 'DELETED proveedores Cuenta:59', '2017-04-13 12:17:44'),
(159, 'UPDATED AspNetUsers Cuenta:59', '2017-04-13 12:17:44'),
(160, 'DELETED AspNetUserRoles Cuenta:59', '2017-04-13 12:17:44'),
(161, 'UPDATED cuentas Cuenta:59', '2017-04-13 12:17:44'),
(162, 'DELETED perfiles Cuenta:59', '2017-04-13 12:17:44'),
(163, 'DELETED cuentas Cuenta:59', '2017-04-13 12:17:44'),
(164, 'DELETED cuentasmensajes Cuenta:51', '2017-04-13 12:17:58'),
(165, 'DELETED perfilesroles Cuenta:51', '2017-04-13 12:17:58'),
(166, 'DELETED cuentasxpagar Cuenta:51', '2017-04-13 12:17:58'),
(167, 'DELETED ordencompradetalle Cuenta:51', '2017-04-13 12:17:58'),
(168, 'DELETED ordencompra Cuenta:51', '2017-04-13 12:17:58'),
(169, 'DELETED proveedores Cuenta:51', '2017-04-13 12:17:58'),
(170, 'UPDATED AspNetUsers Cuenta:51', '2017-04-13 12:17:58'),
(171, 'DELETED AspNetUserRoles Cuenta:51', '2017-04-13 12:17:58'),
(172, 'UPDATED cuentas Cuenta:51', '2017-04-13 12:17:58'),
(173, 'DELETED AspNetUserRoles UserId: 65fff6f0-589c-4680-9ff9-06b57724eaf9, Cuenta: 51', '2017-04-13 12:17:58'),
(174, 'DELETED cuentasusuarios Cuenta:51', '2017-04-13 12:17:58'),
(175, 'DELETED AspNetUsers Cuenta:65fff6f0-589c-4680-9ff9-06b57724eaf9', '2017-04-13 12:17:58'),
(176, 'DELETED perfiles Cuenta:51', '2017-04-13 12:17:58'),
(177, 'DELETED cuentas Cuenta:51', '2017-04-13 12:17:58'),
(178, 'DELETED cuentasmensajes Cuenta:57', '2017-04-13 12:18:24'),
(179, 'DELETED perfilesroles Cuenta:57', '2017-04-13 12:18:24'),
(180, 'DELETED cuentasxpagar Cuenta:57', '2017-04-13 12:18:24'),
(181, 'DELETED ordencompradetalle Cuenta:57', '2017-04-13 12:18:24'),
(182, 'DELETED ordencompra Cuenta:57', '2017-04-13 12:18:24'),
(183, 'DELETED proveedores Cuenta:57', '2017-04-13 12:18:24'),
(184, 'UPDATED AspNetUsers Cuenta:57', '2017-04-13 12:18:24'),
(185, 'DELETED AspNetUserRoles Cuenta:57', '2017-04-13 12:18:24'),
(186, 'UPDATED cuentas Cuenta:57', '2017-04-13 12:18:24'),
(187, 'DELETED perfiles Cuenta:57', '2017-04-13 12:18:24'),
(188, 'DELETED cuentas Cuenta:57', '2017-04-13 12:18:24'),
(189, 'DELETED cuentasmensajes Cuenta:57', '2017-04-13 12:18:36'),
(190, 'DELETED perfilesroles Cuenta:57', '2017-04-13 12:18:36'),
(191, 'DELETED cuentasxpagar Cuenta:57', '2017-04-13 12:18:36'),
(192, 'DELETED ordencompradetalle Cuenta:57', '2017-04-13 12:18:36'),
(193, 'DELETED ordencompra Cuenta:57', '2017-04-13 12:18:36'),
(194, 'DELETED proveedores Cuenta:57', '2017-04-13 12:18:36'),
(195, 'UPDATED AspNetUsers Cuenta:57', '2017-04-13 12:18:36'),
(196, 'DELETED AspNetUserRoles Cuenta:57', '2017-04-13 12:18:36'),
(197, 'UPDATED cuentas Cuenta:57', '2017-04-13 12:18:36'),
(198, 'DELETED perfiles Cuenta:57', '2017-04-13 12:18:36'),
(199, 'DELETED cuentas Cuenta:57', '2017-04-13 12:18:36'),
(200, 'DELETED cuentasmensajes Cuenta:54', '2017-04-13 12:18:40'),
(201, 'DELETED perfilesroles Cuenta:54', '2017-04-13 12:18:40'),
(202, 'DELETED cuentasxpagar Cuenta:54', '2017-04-13 12:18:40'),
(203, 'DELETED ordencompradetalle Cuenta:54', '2017-04-13 12:18:40'),
(204, 'DELETED ordencompra Cuenta:54', '2017-04-13 12:18:40'),
(205, 'DELETED proveedores Cuenta:54', '2017-04-13 12:18:40'),
(206, 'UPDATED AspNetUsers Cuenta:54', '2017-04-13 12:18:40'),
(207, 'DELETED AspNetUserRoles Cuenta:54', '2017-04-13 12:18:40'),
(208, 'UPDATED cuentas Cuenta:54', '2017-04-13 12:18:40'),
(209, 'DELETED perfiles Cuenta:54', '2017-04-13 12:18:40'),
(210, 'DELETED cuentas Cuenta:54', '2017-04-13 12:18:40'),
(211, 'DELETED cuentasmensajes Cuenta:58', '2017-04-13 12:18:53'),
(212, 'DELETED perfilesroles Cuenta:58', '2017-04-13 12:18:53'),
(213, 'DELETED cuentasxpagar Cuenta:58', '2017-04-13 12:18:53'),
(214, 'DELETED ordencompradetalle Cuenta:58', '2017-04-13 12:18:53'),
(215, 'DELETED ordencompra Cuenta:58', '2017-04-13 12:18:53'),
(216, 'DELETED proveedores Cuenta:58', '2017-04-13 12:18:53'),
(217, 'UPDATED AspNetUsers Cuenta:58', '2017-04-13 12:18:53'),
(218, 'DELETED AspNetUserRoles Cuenta:58', '2017-04-13 12:18:53'),
(219, 'UPDATED cuentas Cuenta:58', '2017-04-13 12:18:53'),
(220, 'DELETED perfiles Cuenta:58', '2017-04-13 12:18:53'),
(221, 'DELETED cuentas Cuenta:58', '2017-04-13 12:18:53'),
(222, 'DELETED cuentasmensajes Cuenta:60', '2017-04-13 12:18:58'),
(223, 'DELETED perfilesroles Cuenta:60', '2017-04-13 12:18:58'),
(224, 'DELETED cuentasxpagar Cuenta:60', '2017-04-13 12:18:58'),
(225, 'DELETED ordencompradetalle Cuenta:60', '2017-04-13 12:18:58'),
(226, 'DELETED ordencompra Cuenta:60', '2017-04-13 12:18:58'),
(227, 'DELETED proveedores Cuenta:60', '2017-04-13 12:18:58'),
(228, 'UPDATED AspNetUsers Cuenta:60', '2017-04-13 12:18:58'),
(229, 'DELETED AspNetUserRoles Cuenta:60', '2017-04-13 12:18:58'),
(230, 'UPDATED cuentas Cuenta:60', '2017-04-13 12:18:58'),
(231, 'DELETED perfiles Cuenta:60', '2017-04-13 12:18:58'),
(232, 'DELETED cuentas Cuenta:60', '2017-04-13 12:18:58'),
(233, 'DELETED cuentasmensajes Cuenta:62', '2017-04-13 12:19:06'),
(234, 'DELETED perfilesroles Cuenta:62', '2017-04-13 12:19:06'),
(235, 'DELETED cuentasxpagar Cuenta:62', '2017-04-13 12:19:06'),
(236, 'DELETED ordencompradetalle Cuenta:62', '2017-04-13 12:19:06'),
(237, 'DELETED ordencompra Cuenta:62', '2017-04-13 12:19:06'),
(238, 'DELETED proveedores Cuenta:62', '2017-04-13 12:19:06'),
(239, 'UPDATED AspNetUsers Cuenta:62', '2017-04-13 12:19:06'),
(240, 'DELETED AspNetUserRoles Cuenta:62', '2017-04-13 12:19:06'),
(241, 'UPDATED cuentas Cuenta:62', '2017-04-13 12:19:06'),
(242, 'DELETED AspNetUserRoles UserId: 77479b4e-a926-4786-8b15-ebcbf9021032, Cuenta: 62', '2017-04-13 12:19:07'),
(243, 'DELETED cuentasusuarios Cuenta:62', '2017-04-13 12:19:07'),
(244, 'DELETED AspNetUsers Cuenta:77479b4e-a926-4786-8b15-ebcbf9021032', '2017-04-13 12:19:07'),
(245, 'DELETED perfiles Cuenta:62', '2017-04-13 12:19:07'),
(246, 'DELETED cuentas Cuenta:62', '2017-04-13 12:19:07'),
(247, 'DELETED cuentasmensajes Cuenta:52', '2017-04-13 12:19:35'),
(248, 'DELETED perfilesroles Cuenta:52', '2017-04-13 12:19:35'),
(249, 'DELETED cuentasxpagar Cuenta:52', '2017-04-13 12:19:35'),
(250, 'DELETED ordencompradetalle Cuenta:52', '2017-04-13 12:19:35'),
(251, 'DELETED ordencompra Cuenta:52', '2017-04-13 12:19:35'),
(252, 'DELETED proveedores Cuenta:52', '2017-04-13 12:19:35'),
(253, 'UPDATED AspNetUsers Cuenta:52', '2017-04-13 12:19:35'),
(254, 'DELETED AspNetUserRoles Cuenta:52', '2017-04-13 12:19:35'),
(255, 'UPDATED cuentas Cuenta:52', '2017-04-13 12:19:35'),
(256, 'DELETED AspNetUserRoles UserId: de4c2980-2263-441e-9f9c-e8a680d8e548, Cuenta: 52', '2017-04-13 12:19:35'),
(257, 'DELETED cuentasusuarios Cuenta:52', '2017-04-13 12:19:35'),
(258, 'DELETED AspNetUsers Cuenta:de4c2980-2263-441e-9f9c-e8a680d8e548', '2017-04-13 12:19:35'),
(259, 'DELETED perfiles Cuenta:52', '2017-04-13 12:19:35'),
(260, 'DELETED cuentas Cuenta:52', '2017-04-13 12:19:35'),
(261, 'DELETED cuentasmensajes Cuenta:63', '2017-04-13 12:22:26'),
(262, 'DELETED perfilesroles Cuenta:63', '2017-04-13 12:22:26'),
(263, 'DELETED cuentasxpagar Cuenta:63', '2017-04-13 12:22:26'),
(264, 'DELETED ordencompradetalle Cuenta:63', '2017-04-13 12:22:26'),
(265, 'DELETED ordencompra Cuenta:63', '2017-04-13 12:22:26'),
(266, 'DELETED proveedores Cuenta:63', '2017-04-13 12:22:26'),
(267, 'UPDATED AspNetUsers Cuenta:63', '2017-04-13 12:22:26'),
(268, 'DELETED AspNetUserRoles Cuenta:63', '2017-04-13 12:22:26'),
(269, 'UPDATED cuentas Cuenta:63', '2017-04-13 12:22:26'),
(270, 'DELETED AspNetUserRoles UserId: cacf55ae-d6b3-452f-b32f-ecf1263be58e, Cuenta: 63', '2017-04-13 12:22:26'),
(271, 'DELETED cuentasusuarios Cuenta:63', '2017-04-13 12:22:26'),
(272, 'DELETED AspNetUsers Cuenta:cacf55ae-d6b3-452f-b32f-ecf1263be58e', '2017-04-13 12:22:26'),
(273, 'DELETED perfiles Cuenta:63', '2017-04-13 12:22:26'),
(274, 'DELETED cuentas Cuenta:63', '2017-04-13 12:22:26'),
(275, 'DELETED cuentasmensajes Cuenta:64', '2017-04-13 12:24:21'),
(276, 'DELETED perfilesroles Cuenta:64', '2017-04-13 12:24:21'),
(277, 'DELETED cuentasxpagar Cuenta:64', '2017-04-13 12:24:21'),
(278, 'DELETED ordencompradetalle Cuenta:64', '2017-04-13 12:24:21'),
(279, 'DELETED ordencompra Cuenta:64', '2017-04-13 12:24:21'),
(280, 'DELETED proveedores Cuenta:64', '2017-04-13 12:24:21'),
(281, 'UPDATED AspNetUsers Cuenta:64', '2017-04-13 12:24:21'),
(282, 'DELETED AspNetUserRoles Cuenta:64', '2017-04-13 12:24:21'),
(283, 'UPDATED cuentas Cuenta:64', '2017-04-13 12:24:21'),
(284, 'DELETED AspNetUserRoles UserId: 8eb52c06-bc24-41d5-8f5c-28dd7ebc884e, Cuenta: 64', '2017-04-13 12:24:21'),
(285, 'DELETED cuentasusuarios Cuenta:64', '2017-04-13 12:24:21'),
(286, 'DELETED AspNetUsers Cuenta:8eb52c06-bc24-41d5-8f5c-28dd7ebc884e', '2017-04-13 12:24:21'),
(287, 'DELETED perfiles Cuenta:64', '2017-04-13 12:24:21'),
(288, 'DELETED cuentas Cuenta:64', '2017-04-13 12:24:21'),
(289, 'DELETED cuentasmensajes Cuenta:65', '2017-04-13 12:27:40'),
(290, 'DELETED perfilesroles Cuenta:65', '2017-04-13 12:27:40'),
(291, 'DELETED cuentasxpagar Cuenta:65', '2017-04-13 12:27:40'),
(292, 'DELETED ordencompradetalle Cuenta:65', '2017-04-13 12:27:40'),
(293, 'DELETED ordencompra Cuenta:65', '2017-04-13 12:27:40'),
(294, 'DELETED proveedores Cuenta:65', '2017-04-13 12:27:40'),
(295, 'UPDATED AspNetUsers Cuenta:65', '2017-04-13 12:27:40'),
(296, 'DELETED AspNetUserRoles Cuenta:65', '2017-04-13 12:27:40'),
(297, 'UPDATED cuentas Cuenta:65', '2017-04-13 12:27:40'),
(298, 'DELETED AspNetUserRoles UserId: cfe398b5-4d8c-4726-b457-93637a47c5d4, Cuenta: 65', '2017-04-13 12:27:40'),
(299, 'DELETED cuentasusuarios Cuenta:65', '2017-04-13 12:27:40'),
(300, 'DELETED AspNetUsers Cuenta:cfe398b5-4d8c-4726-b457-93637a47c5d4', '2017-04-13 12:27:40'),
(301, 'DELETED perfiles Cuenta:65', '2017-04-13 12:27:40'),
(302, 'DELETED cuentas Cuenta:65', '2017-04-13 12:27:40'),
(303, 'DELETED cuentasmensajes Cuenta:66', '2017-04-13 12:29:27'),
(304, 'DELETED perfilesroles Cuenta:66', '2017-04-13 12:29:27'),
(305, 'DELETED cuentasxpagar Cuenta:66', '2017-04-13 12:29:27'),
(306, 'DELETED ordencompradetalle Cuenta:66', '2017-04-13 12:29:27'),
(307, 'DELETED ordencompra Cuenta:66', '2017-04-13 12:29:27'),
(308, 'DELETED proveedores Cuenta:66', '2017-04-13 12:29:27'),
(309, 'UPDATED AspNetUsers Cuenta:66', '2017-04-13 12:29:27'),
(310, 'DELETED AspNetUserRoles Cuenta:66', '2017-04-13 12:29:27'),
(311, 'UPDATED cuentas Cuenta:66', '2017-04-13 12:29:27'),
(312, 'DELETED AspNetUserRoles UserId: d34c1562-d59a-4052-b599-890624f71594, Cuenta: 66', '2017-04-13 12:29:27'),
(313, 'DELETED cuentasusuarios Cuenta:66', '2017-04-13 12:29:27'),
(314, 'DELETED AspNetUsers Cuenta:d34c1562-d59a-4052-b599-890624f71594', '2017-04-13 12:29:27'),
(315, 'DELETED perfiles Cuenta:66', '2017-04-13 12:29:27'),
(316, 'DELETED cuentas Cuenta:66', '2017-04-13 12:29:27'),
(317, 'DELETED cuentasmensajes Cuenta:67', '2017-04-13 12:40:02'),
(318, 'DELETED perfilesroles Cuenta:67', '2017-04-13 12:40:02'),
(319, 'DELETED cuentasxpagar Cuenta:67', '2017-04-13 12:40:02'),
(320, 'DELETED ordencompradetalle Cuenta:67', '2017-04-13 12:40:02'),
(321, 'DELETED ordencompra Cuenta:67', '2017-04-13 12:40:02'),
(322, 'DELETED proveedores Cuenta:67', '2017-04-13 12:40:02'),
(323, 'UPDATED AspNetUsers Cuenta:67', '2017-04-13 12:40:02'),
(324, 'DELETED AspNetUserRoles Cuenta:67', '2017-04-13 12:40:02'),
(325, 'UPDATED cuentas Cuenta:67', '2017-04-13 12:40:02'),
(326, 'DELETED AspNetUserRoles UserId: 5360ba13-9bbb-4d54-a1b0-6f0cfaf340f5, Cuenta: 67', '2017-04-13 12:40:02'),
(327, 'DELETED cuentasusuarios Cuenta:67', '2017-04-13 12:40:02'),
(328, 'DELETED AspNetUsers Cuenta:5360ba13-9bbb-4d54-a1b0-6f0cfaf340f5', '2017-04-13 12:40:02'),
(329, 'DELETED perfiles Cuenta:67', '2017-04-13 12:40:02'),
(330, 'DELETED cuentas Cuenta:67', '2017-04-13 12:40:02'),
(331, 'DELETED cuentasmensajes Cuenta:68', '2017-04-18 05:27:25'),
(332, 'DELETED perfilesroles Cuenta:68', '2017-04-18 05:27:25'),
(333, 'DELETED cuentasxpagar Cuenta:68', '2017-04-18 05:27:25'),
(334, 'DELETED ordencompradetalle Cuenta:68', '2017-04-18 05:27:25'),
(335, 'DELETED ordencompra Cuenta:68', '2017-04-18 05:27:25'),
(336, 'DELETED proveedores Cuenta:68', '2017-04-18 05:27:25'),
(337, 'UPDATED AspNetUsers Cuenta:68', '2017-04-18 05:27:25'),
(338, 'DELETED AspNetUserRoles Cuenta:68', '2017-04-18 05:27:25'),
(339, 'UPDATED cuentas Cuenta:68', '2017-04-18 05:27:25'),
(340, 'DELETED AspNetUserRoles UserId: 316e86b2-d8e6-4f56-8ce1-4a7910b0846d, Cuenta: 68', '2017-04-18 05:27:25'),
(341, 'DELETED cuentasusuarios Cuenta:68', '2017-04-18 05:27:25'),
(342, 'DELETED AspNetUsers Cuenta:316e86b2-d8e6-4f56-8ce1-4a7910b0846d', '2017-04-18 05:27:25'),
(343, 'DELETED perfiles Cuenta:68', '2017-04-18 05:27:25'),
(344, 'DELETED cuentas Cuenta:68', '2017-04-18 05:27:25'),
(345, 'DELETED cuentasmensajes Cuenta:69', '2017-04-18 05:35:27'),
(346, 'DELETED perfilesroles Cuenta:69', '2017-04-18 05:35:27'),
(347, 'DELETED cuentasxpagar Cuenta:69', '2017-04-18 05:35:27'),
(348, 'DELETED ordencompradetalle Cuenta:69', '2017-04-18 05:35:27'),
(349, 'DELETED ordencompra Cuenta:69', '2017-04-18 05:35:27'),
(350, 'DELETED proveedores Cuenta:69', '2017-04-18 05:35:27'),
(351, 'UPDATED AspNetUsers Cuenta:69', '2017-04-18 05:35:27'),
(352, 'DELETED AspNetUserRoles Cuenta:69', '2017-04-18 05:35:27'),
(353, 'UPDATED cuentas Cuenta:69', '2017-04-18 05:35:27'),
(354, 'DELETED AspNetUserRoles UserId: ca06667d-47f3-4431-b1ee-f1b4cbe0ea9c, Cuenta: 69', '2017-04-18 05:35:27'),
(355, 'DELETED cuentasusuarios Cuenta:69', '2017-04-18 05:35:27'),
(356, 'DELETED AspNetUsers Cuenta:ca06667d-47f3-4431-b1ee-f1b4cbe0ea9c', '2017-04-18 05:35:27'),
(357, 'DELETED perfiles Cuenta:69', '2017-04-18 05:35:27'),
(358, 'DELETED cuentas Cuenta:69', '2017-04-18 05:35:27'),
(359, 'DELETED cuentasmensajes Cuenta:70', '2017-04-18 05:36:58'),
(360, 'DELETED perfilesroles Cuenta:70', '2017-04-18 05:36:58'),
(361, 'DELETED cuentasxpagar Cuenta:70', '2017-04-18 05:36:58'),
(362, 'DELETED ordencompradetalle Cuenta:70', '2017-04-18 05:36:58'),
(363, 'DELETED ordencompra Cuenta:70', '2017-04-18 05:36:58'),
(364, 'DELETED proveedores Cuenta:70', '2017-04-18 05:36:58'),
(365, 'UPDATED AspNetUsers Cuenta:70', '2017-04-18 05:36:58'),
(366, 'DELETED AspNetUserRoles Cuenta:70', '2017-04-18 05:36:58'),
(367, 'UPDATED cuentas Cuenta:70', '2017-04-18 05:36:58'),
(368, 'DELETED AspNetUserRoles UserId: 752528a3-7d56-452e-99cc-f251bbb04e22, Cuenta: 70', '2017-04-18 05:36:58'),
(369, 'DELETED cuentasusuarios Cuenta:70', '2017-04-18 05:36:58'),
(370, 'DELETED AspNetUsers Cuenta:752528a3-7d56-452e-99cc-f251bbb04e22', '2017-04-18 05:36:58'),
(371, 'DELETED perfiles Cuenta:70', '2017-04-18 05:36:58'),
(372, 'DELETED cuentas Cuenta:70', '2017-04-18 05:36:58'),
(373, 'DELETED cuentasmensajes Cuenta:71', '2017-04-18 05:42:18'),
(374, 'DELETED perfilesroles Cuenta:71', '2017-04-18 05:42:18'),
(375, 'DELETED cuentasxpagar Cuenta:71', '2017-04-18 05:42:18'),
(376, 'DELETED ordencompradetalle Cuenta:71', '2017-04-18 05:42:18'),
(377, 'DELETED ordencompra Cuenta:71', '2017-04-18 05:42:18'),
(378, 'DELETED proveedores Cuenta:71', '2017-04-18 05:42:18'),
(379, 'UPDATED AspNetUsers Cuenta:71', '2017-04-18 05:42:18'),
(380, 'DELETED AspNetUserRoles Cuenta:71', '2017-04-18 05:42:18'),
(381, 'UPDATED cuentas Cuenta:71', '2017-04-18 05:42:18'),
(382, 'DELETED AspNetUserRoles UserId: c03d79e5-ec2e-4a8c-943e-ade91a66f130, Cuenta: 71', '2017-04-18 05:42:18'),
(383, 'DELETED cuentasusuarios Cuenta:71', '2017-04-18 05:42:18'),
(384, 'DELETED AspNetUsers Cuenta:c03d79e5-ec2e-4a8c-943e-ade91a66f130', '2017-04-18 05:42:18'),
(385, 'DELETED perfiles Cuenta:71', '2017-04-18 05:42:18'),
(386, 'DELETED cuentas Cuenta:71', '2017-04-18 05:42:18'),
(387, 'DELETED cuentasmensajes Cuenta:73', '2017-04-18 06:16:56'),
(388, 'DELETED perfilesroles Cuenta:73', '2017-04-18 06:16:56'),
(389, 'DELETED cuentasxpagar Cuenta:73', '2017-04-18 06:16:56'),
(390, 'DELETED ordencompradetalle Cuenta:73', '2017-04-18 06:16:56'),
(391, 'DELETED ordencompra Cuenta:73', '2017-04-18 06:16:56'),
(392, 'DELETED proveedores Cuenta:73', '2017-04-18 06:16:56'),
(393, 'UPDATED AspNetUsers Cuenta:73', '2017-04-18 06:16:56'),
(394, 'DELETED AspNetUserRoles Cuenta:73', '2017-04-18 06:16:56'),
(395, 'UPDATED cuentas Cuenta:73', '2017-04-18 06:16:56'),
(396, 'DELETED AspNetUserRoles UserId: d368acbc-123d-4466-a33c-73612416e60a, Cuenta: 73', '2017-04-18 06:16:56'),
(397, 'DELETED cuentasusuarios Cuenta:73', '2017-04-18 06:16:56'),
(398, 'DELETED AspNetUsers Cuenta:d368acbc-123d-4466-a33c-73612416e60a', '2017-04-18 06:16:56'),
(399, 'DELETED perfiles Cuenta:73', '2017-04-18 06:16:56'),
(400, 'DELETED cuentas Cuenta:73', '2017-04-18 06:16:56'),
(401, 'DELETED cuentasmensajes Cuenta:72', '2017-04-18 06:17:03'),
(402, 'DELETED perfilesroles Cuenta:72', '2017-04-18 06:17:03'),
(403, 'DELETED cuentasxpagar Cuenta:72', '2017-04-18 06:17:03'),
(404, 'DELETED ordencompradetalle Cuenta:72', '2017-04-18 06:17:03'),
(405, 'DELETED ordencompra Cuenta:72', '2017-04-18 06:17:03'),
(406, 'DELETED proveedores Cuenta:72', '2017-04-18 06:17:03'),
(407, 'UPDATED AspNetUsers Cuenta:72', '2017-04-18 06:17:03'),
(408, 'DELETED AspNetUserRoles Cuenta:72', '2017-04-18 06:17:03'),
(409, 'UPDATED cuentas Cuenta:72', '2017-04-18 06:17:03'),
(410, 'DELETED AspNetUserRoles UserId: cbd47011-6080-4c0b-96ff-826a6094df0c, Cuenta: 72', '2017-04-18 06:17:03'),
(411, 'DELETED cuentasusuarios Cuenta:72', '2017-04-18 06:17:03'),
(412, 'DELETED AspNetUsers Cuenta:cbd47011-6080-4c0b-96ff-826a6094df0c', '2017-04-18 06:17:03'),
(413, 'DELETED perfiles Cuenta:72', '2017-04-18 06:17:03'),
(414, 'DELETED cuentas Cuenta:72', '2017-04-18 06:17:03'),
(415, 'DELETED cuentasmensajes Cuenta:77', '2017-04-24 02:18:57'),
(416, 'DELETED perfilesroles Cuenta:77', '2017-04-24 02:18:57'),
(417, 'DELETED cuentasxpagar Cuenta:77', '2017-04-24 02:18:57'),
(418, 'DELETED ordencompradetalle Cuenta:77', '2017-04-24 02:18:57'),
(419, 'DELETED ordencompra Cuenta:77', '2017-04-24 02:18:57'),
(420, 'DELETED proveedores Cuenta:77', '2017-04-24 02:18:57'),
(421, 'UPDATED AspNetUsers Cuenta:77', '2017-04-24 02:18:57'),
(422, 'DELETED AspNetUserRoles Cuenta:77', '2017-04-24 02:18:57'),
(423, 'UPDATED cuentas Cuenta:77', '2017-04-24 02:18:57'),
(424, 'DELETED AspNetUserRoles UserId: 500e2ead-ebbe-425e-9a5d-c4f989186201, Cuenta: 77', '2017-04-24 02:18:57'),
(425, 'DELETED cuentasusuarios Cuenta:77', '2017-04-24 02:18:57'),
(426, 'DELETED AspNetUsers Cuenta:500e2ead-ebbe-425e-9a5d-c4f989186201', '2017-04-24 02:18:57'),
(427, 'DELETED perfiles Cuenta:77', '2017-04-24 02:18:57'),
(428, 'DELETED cuentas Cuenta:77', '2017-04-24 02:18:57'),
(429, 'DELETED cuentasmensajes Cuenta:79', '2017-05-04 20:48:52'),
(430, 'DELETED perfilesroles Cuenta:79', '2017-05-04 20:48:52'),
(431, 'DELETED cuentasxpagar Cuenta:79', '2017-05-04 20:48:52'),
(432, 'DELETED ordencompradetalle Cuenta:79', '2017-05-04 20:48:52'),
(433, 'DELETED ordencompra Cuenta:79', '2017-05-04 20:48:52'),
(434, 'DELETED proveedores Cuenta:79', '2017-05-04 20:48:52'),
(435, 'UPDATED AspNetUsers Cuenta:79', '2017-05-04 20:48:52'),
(436, 'DELETED AspNetUserRoles Cuenta:79', '2017-05-04 20:48:52'),
(437, 'UPDATED cuentas Cuenta:79', '2017-05-04 20:48:52'),
(438, 'DELETED AspNetUserRoles UserId: c21638a6-2942-4d77-8854-39c33851f485, Cuenta: 79', '2017-05-04 20:48:52'),
(439, 'DELETED cuentasusuarios Cuenta:79', '2017-05-04 20:48:52'),
(440, 'DELETED AspNetUsers Cuenta:c21638a6-2942-4d77-8854-39c33851f485', '2017-05-04 20:48:52'),
(441, 'DELETED perfiles Cuenta:79', '2017-05-04 20:48:52'),
(442, 'DELETED cuentas Cuenta:79', '2017-05-04 20:48:52'),
(443, 'DELETED cuentasmensajes Cuenta:76', '2017-05-04 20:49:02'),
(444, 'DELETED perfilesroles Cuenta:76', '2017-05-04 20:49:02'),
(445, 'DELETED cuentasxpagar Cuenta:76', '2017-05-04 20:49:02'),
(446, 'DELETED ordencompradetalle Cuenta:76', '2017-05-04 20:49:02'),
(447, 'DELETED ordencompra Cuenta:76', '2017-05-04 20:49:02'),
(448, 'DELETED cuentasmensajes Cuenta:76', '2017-05-05 02:35:15'),
(449, 'DELETED perfilesroles Cuenta:76', '2017-05-05 02:35:15'),
(450, 'DELETED cuentasxpagar Cuenta:76', '2017-05-05 02:35:15'),
(451, 'DELETED ordencompradetalle Cuenta:76', '2017-05-05 02:35:15'),
(452, 'DELETED ordencompra Cuenta:76', '2017-05-05 02:35:15'),
(453, 'DELETED cuentasmensajes Cuenta:50', '2017-05-05 04:36:09'),
(454, 'DELETED perfilesroles Cuenta:50', '2017-05-05 04:36:09'),
(455, 'DELETED cuentasxpagar Cuenta:50', '2017-05-05 04:36:09'),
(456, 'DELETED ordencompradetalle Cuenta:50', '2017-05-05 04:36:09'),
(457, 'DELETED ordencompra Cuenta:50', '2017-05-05 04:36:09'),
(458, 'DELETED proveedores Cuenta:50', '2017-05-05 04:36:09'),
(459, 'UPDATED AspNetUsers Cuenta:50', '2017-05-05 04:36:09'),
(460, 'DELETED AspNetUserRoles Cuenta:50', '2017-05-05 04:36:09'),
(461, 'UPDATED cuentas Cuenta:50', '2017-05-05 04:36:09'),
(462, 'DELETED AspNetUserRoles UserId: 228695ad-aa89-46c6-ba02-5c9afb1ee547, Cuenta: 50', '2017-05-05 04:36:09'),
(463, 'DELETED cuentasusuarios Cuenta:50', '2017-05-05 04:36:09'),
(464, 'DELETED AspNetUsers Cuenta:228695ad-aa89-46c6-ba02-5c9afb1ee547', '2017-05-05 04:36:09'),
(465, 'DELETED AspNetUserRoles UserId: db76f6e1-5aef-4cd7-a5d6-f9307a0bfe8f, Cuenta: 50', '2017-05-05 04:36:09'),
(466, 'DELETED cuentasusuarios Cuenta:50', '2017-05-05 04:36:09'),
(467, 'DELETED AspNetUsers Cuenta:db76f6e1-5aef-4cd7-a5d6-f9307a0bfe8f', '2017-05-05 04:36:09'),
(468, 'DELETED AspNetUserRoles UserId: e910402d-6112-4396-b435-c2e5f631f69e, Cuenta: 50', '2017-05-05 04:36:09'),
(469, 'DELETED cuentasusuarios Cuenta:50', '2017-05-05 04:36:09'),
(470, 'DELETED AspNetUsers Cuenta:e910402d-6112-4396-b435-c2e5f631f69e', '2017-05-05 04:36:09'),
(471, 'DELETED perfiles Cuenta:50', '2017-05-05 04:36:09'),
(472, 'DELETED cuentas Cuenta:50', '2017-05-05 04:36:09'),
(473, 'DELETED cuentasmensajes Cuenta:74', '2017-05-05 04:41:16'),
(474, 'DELETED perfilesroles Cuenta:74', '2017-05-05 04:41:16'),
(475, 'DELETED cuentasxpagar Cuenta:74', '2017-05-05 04:41:16'),
(476, 'DELETED ordencompradetalle Cuenta:74', '2017-05-05 04:41:16'),
(477, 'DELETED ordencompra Cuenta:74', '2017-05-05 04:41:16'),
(478, 'DELETED proveedores Cuenta:74', '2017-05-05 04:41:16'),
(479, 'UPDATED AspNetUsers Cuenta:74', '2017-05-05 04:41:16'),
(480, 'DELETED AspNetUserRoles Cuenta:74', '2017-05-05 04:41:16'),
(481, 'UPDATED cuentas Cuenta:74', '2017-05-05 04:41:16'),
(482, 'DELETED AspNetUserRoles UserId: 15e814e8-0967-46e1-9a9d-fdfb7a1f2d4b, Cuenta: 74', '2017-05-05 04:41:16'),
(483, 'DELETED cuentasusuarios Cuenta:74', '2017-05-05 04:41:16'),
(484, 'DELETED AspNetUsers Cuenta:15e814e8-0967-46e1-9a9d-fdfb7a1f2d4b', '2017-05-05 04:41:16'),
(485, 'DELETED perfiles Cuenta:74', '2017-05-05 04:41:16'),
(486, 'DELETED cuentas Cuenta:74', '2017-05-05 04:41:16'),
(487, 'DELETED cuentasmensajes Cuenta:78', '2017-05-05 04:41:30'),
(488, 'DELETED perfilesroles Cuenta:78', '2017-05-05 04:41:30'),
(489, 'DELETED cuentasxpagar Cuenta:78', '2017-05-05 04:41:30'),
(490, 'DELETED ordencompradetalle Cuenta:78', '2017-05-05 04:41:30'),
(491, 'DELETED ordencompra Cuenta:78', '2017-05-05 04:41:30'),
(492, 'DELETED proveedores Cuenta:78', '2017-05-05 04:41:30'),
(493, 'UPDATED AspNetUsers Cuenta:78', '2017-05-05 04:41:30'),
(494, 'DELETED AspNetUserRoles Cuenta:78', '2017-05-05 04:41:30'),
(495, 'UPDATED cuentas Cuenta:78', '2017-05-05 04:41:30'),
(496, 'DELETED AspNetUserRoles UserId: 0d923e61-e927-4ab9-9af4-98235c5de4df, Cuenta: 78', '2017-05-05 04:41:30'),
(497, 'DELETED cuentasusuarios Cuenta:78', '2017-05-05 04:41:30'),
(498, 'DELETED AspNetUsers Cuenta:0d923e61-e927-4ab9-9af4-98235c5de4df', '2017-05-05 04:41:30'),
(499, 'DELETED perfiles Cuenta:78', '2017-05-05 04:41:30'),
(500, 'DELETED cuentas Cuenta:78', '2017-05-05 04:41:30'),
(501, 'DELETED cuentasmensajes Cuenta:81', '2017-05-05 04:41:39'),
(502, 'DELETED perfilesroles Cuenta:81', '2017-05-05 04:41:39'),
(503, 'DELETED cuentasxpagar Cuenta:81', '2017-05-05 04:41:39'),
(504, 'DELETED ordencompradetalle Cuenta:81', '2017-05-05 04:41:39'),
(505, 'DELETED ordencompra Cuenta:81', '2017-05-05 04:41:39'),
(506, 'DELETED proveedores Cuenta:81', '2017-05-05 04:41:39'),
(507, 'UPDATED AspNetUsers Cuenta:81', '2017-05-05 04:41:39'),
(508, 'DELETED AspNetUserRoles Cuenta:81', '2017-05-05 04:41:39'),
(509, 'UPDATED cuentas Cuenta:81', '2017-05-05 04:41:39'),
(510, 'DELETED AspNetUserRoles UserId: 65cbce6f-549a-4f3f-b28a-ee4333743e8a, Cuenta: 81', '2017-05-05 04:41:39'),
(511, 'DELETED cuentasusuarios Cuenta:81', '2017-05-05 04:41:39'),
(512, 'DELETED AspNetUsers Cuenta:65cbce6f-549a-4f3f-b28a-ee4333743e8a', '2017-05-05 04:41:39'),
(513, 'DELETED AspNetUserRoles UserId: ed3aec40-bdbb-49ae-8e61-83373a1c91fd, Cuenta: 81', '2017-05-05 04:41:39'),
(514, 'DELETED cuentasusuarios Cuenta:81', '2017-05-05 04:41:39'),
(515, 'DELETED AspNetUsers Cuenta:ed3aec40-bdbb-49ae-8e61-83373a1c91fd', '2017-05-05 04:41:39'),
(516, 'DELETED perfiles Cuenta:81', '2017-05-05 04:41:39'),
(517, 'DELETED cuentas Cuenta:81', '2017-05-05 04:41:39'),
(518, 'DELETED cuentasmensajes Cuenta:75', '2017-05-05 04:41:47'),
(519, 'DELETED perfilesroles Cuenta:75', '2017-05-05 04:41:47'),
(520, 'DELETED cuentasxpagar Cuenta:75', '2017-05-05 04:41:47'),
(521, 'DELETED ordencompradetalle Cuenta:75', '2017-05-05 04:41:47'),
(522, 'DELETED ordencompra Cuenta:75', '2017-05-05 04:41:47'),
(523, 'DELETED proveedores Cuenta:75', '2017-05-05 04:41:47'),
(524, 'UPDATED AspNetUsers Cuenta:75', '2017-05-05 04:41:47'),
(525, 'DELETED AspNetUserRoles Cuenta:75', '2017-05-05 04:41:47'),
(526, 'UPDATED cuentas Cuenta:75', '2017-05-05 04:41:47'),
(527, 'DELETED AspNetUserRoles UserId: ef3affbe-94bc-4c02-9b34-cba84fefde86, Cuenta: 75', '2017-05-05 04:41:47'),
(528, 'DELETED cuentasusuarios Cuenta:75', '2017-05-05 04:41:47'),
(529, 'DELETED AspNetUsers Cuenta:ef3affbe-94bc-4c02-9b34-cba84fefde86', '2017-05-05 04:41:47'),
(530, 'DELETED perfiles Cuenta:75', '2017-05-05 04:41:47'),
(531, 'DELETED cuentas Cuenta:75', '2017-05-05 04:41:47'),
(532, 'DELETED cuentasmensajes Cuenta:80', '2017-05-05 04:41:55'),
(533, 'DELETED perfilesroles Cuenta:80', '2017-05-05 04:41:55'),
(534, 'DELETED cuentasxpagar Cuenta:80', '2017-05-05 04:41:55'),
(535, 'DELETED ordencompradetalle Cuenta:80', '2017-05-05 04:41:55'),
(536, 'DELETED ordencompra Cuenta:80', '2017-05-05 04:41:55'),
(537, 'DELETED proveedores Cuenta:80', '2017-05-05 04:41:55'),
(538, 'UPDATED AspNetUsers Cuenta:80', '2017-05-05 04:41:55'),
(539, 'DELETED AspNetUserRoles Cuenta:80', '2017-05-05 04:41:55'),
(540, 'UPDATED cuentas Cuenta:80', '2017-05-05 04:41:55'),
(541, 'DELETED AspNetUserRoles UserId: 079eba1d-8664-412a-9a49-7c03c3dad0ee, Cuenta: 80', '2017-05-05 04:41:55'),
(542, 'DELETED cuentasusuarios Cuenta:80', '2017-05-05 04:41:55'),
(543, 'DELETED AspNetUsers Cuenta:079eba1d-8664-412a-9a49-7c03c3dad0ee', '2017-05-05 04:41:55'),
(544, 'DELETED AspNetUserRoles UserId: 0e149dc9-c80d-4030-beff-c2eb9aa38999, Cuenta: 80', '2017-05-05 04:41:55'),
(545, 'DELETED cuentasusuarios Cuenta:80', '2017-05-05 04:41:55'),
(546, 'DELETED AspNetUsers Cuenta:0e149dc9-c80d-4030-beff-c2eb9aa38999', '2017-05-05 04:41:55'),
(547, 'DELETED perfiles Cuenta:80', '2017-05-05 04:41:55'),
(548, 'DELETED cuentas Cuenta:80', '2017-05-05 04:41:55'),
(549, 'DELETED cuentasmensajes Cuenta:76', '2017-05-05 04:43:56'),
(550, 'DELETED perfilesroles Cuenta:76', '2017-05-05 04:43:56'),
(551, 'DELETED cuentasxpagar Cuenta:76', '2017-05-05 04:43:56'),
(552, 'DELETED ordencompradetalle Cuenta:76', '2017-05-05 04:43:56'),
(553, 'DELETED ordencompra Cuenta:76', '2017-05-05 04:43:56'),
(554, 'DELETED proveedores Cuenta:76', '2017-05-05 04:43:56'),
(555, 'UPDATED AspNetUsers Cuenta:76', '2017-05-05 04:43:56'),
(556, 'DELETED AspNetUserRoles Cuenta:76', '2017-05-05 04:43:56'),
(557, 'UPDATED cuentas Cuenta:76', '2017-05-05 04:43:56'),
(558, 'DELETED AspNetUserRoles UserId: 098e5c8c-948b-439f-9d31-7e536d0c04c5, Cuenta: 76', '2017-05-05 04:43:56'),
(559, 'DELETED cuentasusuarios Cuenta:76', '2017-05-05 04:43:56'),
(560, 'DELETED AspNetUsers Cuenta:098e5c8c-948b-439f-9d31-7e536d0c04c5', '2017-05-05 04:43:56'),
(561, 'DELETED perfiles Cuenta:76', '2017-05-05 04:43:56'),
(562, 'DELETED cuentas Cuenta:76', '2017-05-05 04:43:56'),
(563, 'DELETED cuentasmensajes Cuenta:83', '2017-05-05 04:44:52'),
(564, 'DELETED perfilesroles Cuenta:83', '2017-05-05 04:44:52'),
(565, 'DELETED cuentasxpagar Cuenta:83', '2017-05-05 04:44:52'),
(566, 'DELETED ordencompradetalle Cuenta:83', '2017-05-05 04:44:52'),
(567, 'DELETED ordencompra Cuenta:83', '2017-05-05 04:44:52'),
(568, 'DELETED proveedores Cuenta:83', '2017-05-05 04:44:52'),
(569, 'UPDATED AspNetUsers Cuenta:83', '2017-05-05 04:44:52'),
(570, 'DELETED AspNetUserRoles Cuenta:83', '2017-05-05 04:44:52'),
(571, 'UPDATED cuentas Cuenta:83', '2017-05-05 04:44:52'),
(572, 'DELETED perfiles Cuenta:83', '2017-05-05 04:44:52'),
(573, 'DELETED cuentas Cuenta:83', '2017-05-05 04:44:52'),
(574, 'DELETED cuentasmensajes Cuenta:88', '2017-05-07 03:35:25'),
(575, 'DELETED perfilesroles Cuenta:88', '2017-05-07 03:35:25'),
(576, 'DELETED cuentasxpagar Cuenta:88', '2017-05-07 03:35:25'),
(577, 'DELETED ordencompradetalle Cuenta:88', '2017-05-07 03:35:25'),
(578, 'DELETED ordencompra Cuenta:88', '2017-05-07 03:35:25'),
(579, 'DELETED proveedores Cuenta:88', '2017-05-07 03:35:25'),
(580, 'UPDATED AspNetUsers Cuenta:88', '2017-05-07 03:35:25'),
(581, 'DELETED AspNetUserRoles Cuenta:88', '2017-05-07 03:35:25'),
(582, 'UPDATED cuentas Cuenta:88', '2017-05-07 03:35:25'),
(583, 'DELETED perfiles Cuenta:88', '2017-05-07 03:35:25'),
(584, 'DELETED cuentas Cuenta:88', '2017-05-07 03:35:25'),
(585, 'DELETED cuentasmensajes Cuenta:91', '2017-05-08 00:35:14'),
(586, 'DELETED perfilesroles Cuenta:91', '2017-05-08 00:35:14'),
(587, 'DELETED cuentasxpagar Cuenta:91', '2017-05-08 00:35:14'),
(588, 'DELETED ordencompradetalle Cuenta:91', '2017-05-08 00:35:14'),
(589, 'DELETED ordencompra Cuenta:91', '2017-05-08 00:35:14'),
(590, 'DELETED proveedores Cuenta:91', '2017-05-08 00:35:14'),
(591, 'UPDATED AspNetUsers Cuenta:91', '2017-05-08 00:35:14'),
(592, 'DELETED AspNetUserRoles Cuenta:91', '2017-05-08 00:35:14'),
(593, 'UPDATED cuentas Cuenta:91', '2017-05-08 00:35:14'),
(594, 'DELETED perfiles Cuenta:91', '2017-05-08 00:35:14'),
(595, 'DELETED cuentas Cuenta:91', '2017-05-08 00:35:14'),
(596, 'DELETED cuentasmensajes Cuenta:84', '2017-05-08 01:24:48'),
(597, 'DELETED perfilesroles Cuenta:84', '2017-05-08 01:24:48'),
(598, 'DELETED cuentasxpagar Cuenta:84', '2017-05-08 01:24:48'),
(599, 'DELETED ordencompradetalle Cuenta:84', '2017-05-08 01:24:48'),
(600, 'DELETED ordencompra Cuenta:84', '2017-05-08 01:24:48'),
(601, 'DELETED proveedores Cuenta:84', '2017-05-08 01:24:48'),
(602, 'UPDATED AspNetUsers Cuenta:84', '2017-05-08 01:24:48'),
(603, 'DELETED AspNetUserRoles Cuenta:84', '2017-05-08 01:24:48'),
(604, 'UPDATED cuentas Cuenta:84', '2017-05-08 01:24:48'),
(605, 'DELETED AspNetUserRoles UserId: 710b8463-21ee-4052-8c90-76aee7fbdc5e, Cuenta: 84', '2017-05-08 01:24:48'),
(606, 'DELETED cuentasusuarios Cuenta:84', '2017-05-08 01:24:48'),
(607, 'DELETED AspNetUsers Cuenta:710b8463-21ee-4052-8c90-76aee7fbdc5e', '2017-05-08 01:24:48'),
(608, 'DELETED perfiles Cuenta:84', '2017-05-08 01:24:48'),
(609, 'DELETED cuentas Cuenta:84', '2017-05-08 01:24:48'),
(610, 'DELETED cuentasmensajes Cuenta:85', '2017-05-08 01:30:50'),
(611, 'DELETED perfilesroles Cuenta:85', '2017-05-08 01:30:50'),
(612, 'DELETED cuentasxpagar Cuenta:85', '2017-05-08 01:30:50'),
(613, 'DELETED ordencompradetalle Cuenta:85', '2017-05-08 01:30:50'),
(614, 'DELETED ordencompra Cuenta:85', '2017-05-08 01:30:50'),
(615, 'DELETED proveedores Cuenta:85', '2017-05-08 01:30:50'),
(616, 'UPDATED AspNetUsers Cuenta:85', '2017-05-08 01:30:50'),
(617, 'DELETED AspNetUserRoles Cuenta:85', '2017-05-08 01:30:50'),
(618, 'UPDATED cuentas Cuenta:85', '2017-05-08 01:30:50'),
(619, 'DELETED AspNetUserRoles UserId: 4e9ba49d-8e72-481b-989e-a54ea33fff78, Cuenta: 85', '2017-05-08 01:30:50'),
(620, 'DELETED cuentasusuarios Cuenta:85', '2017-05-08 01:30:50'),
(621, 'DELETED AspNetUsers Cuenta:4e9ba49d-8e72-481b-989e-a54ea33fff78', '2017-05-08 01:30:50'),
(622, 'DELETED AspNetUserRoles UserId: 5ad6c38e-9d86-4317-ad15-f5d7fa2eaf22, Cuenta: 85', '2017-05-08 01:30:50'),
(623, 'DELETED cuentasusuarios Cuenta:85', '2017-05-08 01:30:50'),
(624, 'DELETED AspNetUsers Cuenta:5ad6c38e-9d86-4317-ad15-f5d7fa2eaf22', '2017-05-08 01:30:50'),
(625, 'DELETED AspNetUserRoles UserId: a652a1cb-8f83-41eb-877f-bb73ba30cda6, Cuenta: 85', '2017-05-08 01:30:50'),
(626, 'DELETED cuentasusuarios Cuenta:85', '2017-05-08 01:30:50'),
(627, 'DELETED AspNetUsers Cuenta:a652a1cb-8f83-41eb-877f-bb73ba30cda6', '2017-05-08 01:30:50'),
(628, 'DELETED perfiles Cuenta:85', '2017-05-08 01:30:50'),
(629, 'DELETED cuentas Cuenta:85', '2017-05-08 01:30:50'),
(630, 'DELETED cuentasmensajes Cuenta:90', '2017-05-08 01:31:20'),
(631, 'DELETED perfilesroles Cuenta:90', '2017-05-08 01:31:20'),
(632, 'DELETED cuentasxpagar Cuenta:90', '2017-05-08 01:31:20'),
(633, 'DELETED ordencompradetalle Cuenta:90', '2017-05-08 01:31:20'),
(634, 'DELETED ordencompra Cuenta:90', '2017-05-08 01:31:20'),
(635, 'DELETED proveedores Cuenta:90', '2017-05-08 01:31:20'),
(636, 'UPDATED AspNetUsers Cuenta:90', '2017-05-08 01:31:20'),
(637, 'DELETED AspNetUserRoles Cuenta:90', '2017-05-08 01:31:20'),
(638, 'UPDATED cuentas Cuenta:90', '2017-05-08 01:31:20'),
(639, 'DELETED AspNetUserRoles UserId: 4df8a7d5-7021-47ef-8a8e-6aa6f1f458ba, Cuenta: 90', '2017-05-08 01:31:20'),
(640, 'DELETED cuentasusuarios Cuenta:90', '2017-05-08 01:31:20'),
(641, 'DELETED AspNetUsers Cuenta:4df8a7d5-7021-47ef-8a8e-6aa6f1f458ba', '2017-05-08 01:31:20'),
(642, 'DELETED AspNetUserRoles UserId: 73822d3c-c212-478c-aaba-d5753d699a10, Cuenta: 90', '2017-05-08 01:31:20'),
(643, 'DELETED cuentasusuarios Cuenta:90', '2017-05-08 01:31:20'),
(644, 'DELETED AspNetUsers Cuenta:73822d3c-c212-478c-aaba-d5753d699a10', '2017-05-08 01:31:20'),
(645, 'DELETED AspNetUserRoles UserId: 7754b048-e083-48ea-b7bd-2f219b12958c, Cuenta: 90', '2017-05-08 01:31:20'),
(646, 'DELETED cuentasusuarios Cuenta:90', '2017-05-08 01:31:20'),
(647, 'DELETED AspNetUsers Cuenta:7754b048-e083-48ea-b7bd-2f219b12958c', '2017-05-08 01:31:20'),
(648, 'DELETED AspNetUserRoles UserId: d690c916-e575-4029-b579-d0fde7f0a9f0, Cuenta: 90', '2017-05-08 01:31:20'),
(649, 'DELETED cuentasusuarios Cuenta:90', '2017-05-08 01:31:20'),
(650, 'DELETED AspNetUsers Cuenta:d690c916-e575-4029-b579-d0fde7f0a9f0', '2017-05-08 01:31:20'),
(651, 'DELETED perfiles Cuenta:90', '2017-05-08 01:31:20'),
(652, 'DELETED cuentas Cuenta:90', '2017-05-08 01:31:20'),
(653, 'DELETED cuentasmensajes Cuenta:92', '2017-05-08 01:33:23'),
(654, 'DELETED perfilesroles Cuenta:92', '2017-05-08 01:33:23'),
(655, 'DELETED cuentasxpagar Cuenta:92', '2017-05-08 01:33:23'),
(656, 'DELETED ordencompradetalle Cuenta:92', '2017-05-08 01:33:23'),
(657, 'DELETED ordencompra Cuenta:92', '2017-05-08 01:33:23'),
(658, 'DELETED proveedores Cuenta:92', '2017-05-08 01:33:23'),
(659, 'UPDATED AspNetUsers Cuenta:92', '2017-05-08 01:33:23'),
(660, 'DELETED AspNetUserRoles Cuenta:92', '2017-05-08 01:33:23'),
(661, 'UPDATED cuentas Cuenta:92', '2017-05-08 01:33:23'),
(662, 'DELETED AspNetUserRoles UserId: 8fcce43b-ce39-4f5d-9300-6f677b45a705, Cuenta: 92', '2017-05-08 01:33:23'),
(663, 'DELETED cuentasusuarios Cuenta:92', '2017-05-08 01:33:23'),
(664, 'DELETED AspNetUsers Cuenta:8fcce43b-ce39-4f5d-9300-6f677b45a705', '2017-05-08 01:33:23'),
(665, 'DELETED perfiles Cuenta:92', '2017-05-08 01:33:23'),
(666, 'DELETED cuentas Cuenta:92', '2017-05-08 01:33:23'),
(667, 'DELETED cuentasmensajes Cuenta:93', '2017-05-08 01:45:17'),
(668, 'DELETED perfilesroles Cuenta:93', '2017-05-08 01:45:17'),
(669, 'DELETED cuentasxpagar Cuenta:93', '2017-05-08 01:45:17'),
(670, 'DELETED ordencompradetalle Cuenta:93', '2017-05-08 01:45:17'),
(671, 'DELETED ordencompra Cuenta:93', '2017-05-08 01:45:17'),
(672, 'DELETED proveedores Cuenta:93', '2017-05-08 01:45:17'),
(673, 'UPDATED AspNetUsers Cuenta:93', '2017-05-08 01:45:17'),
(674, 'DELETED AspNetUserRoles Cuenta:93', '2017-05-08 01:45:17'),
(675, 'UPDATED cuentas Cuenta:93', '2017-05-08 01:45:17'),
(676, 'DELETED AspNetUserRoles UserId: a6703e9f-2fc7-40c8-b6ed-cf95d91e262e, Cuenta: 93', '2017-05-08 01:45:17'),
(677, 'DELETED cuentasusuarios Cuenta:93', '2017-05-08 01:45:17'),
(678, 'DELETED AspNetUsers Cuenta:a6703e9f-2fc7-40c8-b6ed-cf95d91e262e', '2017-05-08 01:45:17'),
(679, 'DELETED perfiles Cuenta:93', '2017-05-08 01:45:17'),
(680, 'DELETED cuentas Cuenta:93', '2017-05-08 01:45:17'),
(681, 'DELETED cuentasmensajes Cuenta:86', '2017-05-09 23:55:34'),
(682, 'DELETED perfilesroles Cuenta:86', '2017-05-09 23:55:34'),
(683, 'DELETED cuentasxpagar Cuenta:86', '2017-05-09 23:55:34'),
(684, 'DELETED ordencompradetalle Cuenta:86', '2017-05-09 23:55:34'),
(685, 'DELETED ordencompra Cuenta:86', '2017-05-09 23:55:34'),
(686, 'DELETED proveedores Cuenta:86', '2017-05-09 23:55:34'),
(687, 'UPDATED AspNetUsers Cuenta:86', '2017-05-09 23:55:34'),
(688, 'DELETED AspNetUserRoles Cuenta:86', '2017-05-09 23:55:34'),
(689, 'UPDATED cuentas Cuenta:86', '2017-05-09 23:55:34'),
(690, 'DELETED AspNetUserRoles UserId: 45cfc304-d7bb-4f85-9425-224438f566c8, Cuenta: 86', '2017-05-09 23:55:34'),
(691, 'DELETED cuentasusuarios Cuenta:86', '2017-05-09 23:55:34'),
(692, 'DELETED AspNetUsers Cuenta:45cfc304-d7bb-4f85-9425-224438f566c8', '2017-05-09 23:55:34'),
(693, 'DELETED perfiles Cuenta:86', '2017-05-09 23:55:34'),
(694, 'DELETED cuentas Cuenta:86', '2017-05-09 23:55:34'),
(695, 'DELETED cuentasmensajes Cuenta:82', '2017-05-10 00:24:50'),
(696, 'DELETED perfilesroles Cuenta:82', '2017-05-10 00:24:50'),
(697, 'DELETED cuentasxpagar Cuenta:82', '2017-05-10 00:24:50'),
(698, 'DELETED ordencompradetalle Cuenta:82', '2017-05-10 00:24:50'),
(699, 'DELETED ordencompra Cuenta:82', '2017-05-10 00:24:50'),
(700, 'DELETED proveedores Cuenta:82', '2017-05-10 00:24:50'),
(701, 'UPDATED AspNetUsers Cuenta:82', '2017-05-10 00:24:50'),
(702, 'DELETED AspNetUserRoles Cuenta:82', '2017-05-10 00:24:50'),
(703, 'UPDATED cuentas Cuenta:82', '2017-05-10 00:24:50'),
(704, 'DELETED AspNetUserRoles UserId: 1740f98b-2ecb-4aba-8416-9b9821b2a69f, Cuenta: 82', '2017-05-10 00:24:50'),
(705, 'DELETED cuentasusuarios Cuenta:82', '2017-05-10 00:24:50'),
(706, 'DELETED AspNetUsers Cuenta:1740f98b-2ecb-4aba-8416-9b9821b2a69f', '2017-05-10 00:24:50'),
(707, 'DELETED AspNetUserRoles UserId: 1e4782b3-c664-40e2-89fb-3c176640bd65, Cuenta: 82', '2017-05-10 00:24:50'),
(708, 'DELETED cuentasusuarios Cuenta:82', '2017-05-10 00:24:50'),
(709, 'DELETED AspNetUsers Cuenta:1e4782b3-c664-40e2-89fb-3c176640bd65', '2017-05-10 00:24:50'),
(710, 'DELETED AspNetUserRoles UserId: 2c90fd78-7e8f-4c36-8468-e157f82129d6, Cuenta: 82', '2017-05-10 00:24:50'),
(711, 'DELETED cuentasusuarios Cuenta:82', '2017-05-10 00:24:50'),
(712, 'DELETED AspNetUsers Cuenta:2c90fd78-7e8f-4c36-8468-e157f82129d6', '2017-05-10 00:24:50'),
(713, 'DELETED AspNetUserRoles UserId: 593d20c6-16e5-420d-a338-cd0fdb351f46, Cuenta: 82', '2017-05-10 00:24:50'),
(714, 'DELETED cuentasusuarios Cuenta:82', '2017-05-10 00:24:50'),
(715, 'DELETED AspNetUsers Cuenta:593d20c6-16e5-420d-a338-cd0fdb351f46', '2017-05-10 00:24:50'),
(716, 'DELETED AspNetUserRoles UserId: 65f65820-f608-423c-9bb3-73c2c794d57e, Cuenta: 82', '2017-05-10 00:24:50'),
(717, 'DELETED cuentasusuarios Cuenta:82', '2017-05-10 00:24:50'),
(718, 'DELETED AspNetUsers Cuenta:65f65820-f608-423c-9bb3-73c2c794d57e', '2017-05-10 00:24:50'),
(719, 'DELETED perfiles Cuenta:82', '2017-05-10 00:24:50'),
(720, 'DELETED cuentas Cuenta:82', '2017-05-10 00:24:50'),
(721, 'DELETED cuentasmensajes Cuenta:89', '2017-05-10 19:06:38'),
(722, 'DELETED perfilesroles Cuenta:89', '2017-05-10 19:06:38'),
(723, 'DELETED cuentasxpagar Cuenta:89', '2017-05-10 19:06:38'),
(724, 'DELETED ordencompradetalle Cuenta:89', '2017-05-10 19:06:38'),
(725, 'DELETED ordencompra Cuenta:89', '2017-05-10 19:06:38'),
(726, 'DELETED proveedores Cuenta:89', '2017-05-10 19:06:38'),
(727, 'UPDATED AspNetUsers Cuenta:89', '2017-05-10 19:06:38'),
(728, 'DELETED AspNetUserRoles Cuenta:89', '2017-05-10 19:06:38'),
(729, 'UPDATED cuentas Cuenta:89', '2017-05-10 19:06:38'),
(730, 'DELETED AspNetUserRoles UserId: 07ae9b4f-9520-47c3-aa19-eb0f82d87299, Cuenta: 89', '2017-05-10 19:06:38'),
(731, 'DELETED cuentasusuarios Cuenta:89', '2017-05-10 19:06:38'),
(732, 'DELETED AspNetUsers Cuenta:07ae9b4f-9520-47c3-aa19-eb0f82d87299', '2017-05-10 19:06:38'),
(733, 'DELETED AspNetUserRoles UserId: 38957adb-6387-466c-883a-0b26df517728, Cuenta: 89', '2017-05-10 19:06:38'),
(734, 'DELETED cuentasusuarios Cuenta:89', '2017-05-10 19:06:38'),
(735, 'DELETED AspNetUsers Cuenta:38957adb-6387-466c-883a-0b26df517728', '2017-05-10 19:06:38'),
(736, 'DELETED AspNetUserRoles UserId: 48108e65-eedf-4927-a1d5-12108f9e1973, Cuenta: 89', '2017-05-10 19:06:38'),
(737, 'DELETED cuentasusuarios Cuenta:89', '2017-05-10 19:06:38'),
(738, 'DELETED AspNetUsers Cuenta:48108e65-eedf-4927-a1d5-12108f9e1973', '2017-05-10 19:06:38'),
(739, 'DELETED AspNetUserRoles UserId: aa57098a-d122-4ad2-853b-2ff3069b67ca, Cuenta: 89', '2017-05-10 19:06:38'),
(740, 'DELETED cuentasusuarios Cuenta:89', '2017-05-10 19:06:38'),
(741, 'DELETED AspNetUsers Cuenta:aa57098a-d122-4ad2-853b-2ff3069b67ca', '2017-05-10 19:06:38'),
(742, 'DELETED AspNetUserRoles UserId: e7c87d40-0079-4ba1-9374-8f8a18c7ceb0, Cuenta: 89', '2017-05-10 19:06:38'),
(743, 'DELETED cuentasusuarios Cuenta:89', '2017-05-10 19:06:38'),
(744, 'DELETED AspNetUsers Cuenta:e7c87d40-0079-4ba1-9374-8f8a18c7ceb0', '2017-05-10 19:06:38'),
(745, 'DELETED perfiles Cuenta:89', '2017-05-10 19:06:38'),
(746, 'DELETED cuentas Cuenta:89', '2017-05-10 19:06:38'),
(747, 'DELETED cuentasmensajes Cuenta:87', '2017-06-04 19:05:53'),
(748, 'DELETED cuentasmensajes Cuenta:87', '2017-06-04 19:13:09'),
(749, 'DELETED perfilesroles Cuenta:87', '2017-06-04 19:13:09'),
(750, 'DELETED cuentasxpagar Cuenta:87', '2017-06-04 19:13:09'),
(751, 'DELETED ordencompradetalle Cuenta:87', '2017-06-04 19:13:09'),
(752, 'DELETED ordencompra Cuenta:87', '2017-06-04 19:13:09'),
(753, 'DELETED proveedores Cuenta:87', '2017-06-04 19:13:09'),
(754, 'UPDATED AspNetUsers Cuenta:87', '2017-06-04 19:13:09'),
(755, 'DELETED AspNetUserRoles Cuenta:87', '2017-06-04 19:13:09'),
(756, 'UPDATED cuentas Cuenta:87', '2017-06-04 19:13:09'),
(757, 'DELETED AspNetUserRoles UserId: 32fb5a80-b167-42a8-99eb-262f2cf7f09d, Cuenta: 87', '2017-06-04 19:13:09'),
(758, 'DELETED cuentasusuarios Cuenta:87', '2017-06-04 19:13:09'),
(759, 'DELETED AspNetUsers Cuenta:32fb5a80-b167-42a8-99eb-262f2cf7f09d', '2017-06-04 19:13:09'),
(760, 'DELETED AspNetUserRoles UserId: 9143bc9e-87bd-4077-afa2-8ecb13e39cb4, Cuenta: 87', '2017-06-04 19:13:09'),
(761, 'DELETED cuentasusuarios Cuenta:87', '2017-06-04 19:13:09'),
(762, 'DELETED AspNetUsers Cuenta:9143bc9e-87bd-4077-afa2-8ecb13e39cb4', '2017-06-04 19:13:09'),
(763, 'DELETED AspNetUserRoles UserId: dbdf0989-86aa-416e-ae14-d4855c66beee, Cuenta: 87', '2017-06-04 19:13:09'),
(764, 'DELETED cuentasusuarios Cuenta:87', '2017-06-04 19:13:09'),
(765, 'DELETED AspNetUsers Cuenta:dbdf0989-86aa-416e-ae14-d4855c66beee', '2017-06-04 19:13:09'),
(766, 'DELETED AspNetUserRoles UserId: ff0cb5b9-b409-4973-8f4f-2c4a828f18dc, Cuenta: 87', '2017-06-04 19:13:09'),
(767, 'DELETED cuentasusuarios Cuenta:87', '2017-06-04 19:13:09'),
(768, 'DELETED AspNetUsers Cuenta:ff0cb5b9-b409-4973-8f4f-2c4a828f18dc', '2017-06-04 19:13:09'),
(769, 'DELETED perfiles Cuenta:87', '2017-06-04 19:13:09'),
(770, 'DELETED cuentas Cuenta:87', '2017-06-04 19:13:09'),
(771, 'DELETED cuentasmensajes Cuenta:97', '2017-06-04 19:13:21'),
(772, 'DELETED perfilesroles Cuenta:97', '2017-06-04 19:13:21'),
(773, 'DELETED cuentasxpagar Cuenta:97', '2017-06-04 19:13:21'),
(774, 'DELETED ordencompradetalle Cuenta:97', '2017-06-04 19:13:21'),
(775, 'DELETED ordencompra Cuenta:97', '2017-06-04 19:13:21'),
(776, 'DELETED proveedores Cuenta:97', '2017-06-04 19:13:21'),
(777, 'UPDATED AspNetUsers Cuenta:97', '2017-06-04 19:13:21'),
(778, 'DELETED AspNetUserRoles Cuenta:97', '2017-06-04 19:13:21'),
(779, 'UPDATED cuentas Cuenta:97', '2017-06-04 19:13:21'),
(780, 'DELETED AspNetUserRoles UserId: 97e49995-d5cb-4628-a550-5dc9ea528ffa, Cuenta: 97', '2017-06-04 19:13:21'),
(781, 'DELETED cuentasusuarios Cuenta:97', '2017-06-04 19:13:21'),
(782, 'DELETED AspNetUsers Cuenta:97e49995-d5cb-4628-a550-5dc9ea528ffa', '2017-06-04 19:13:21'),
(783, 'DELETED perfiles Cuenta:97', '2017-06-04 19:13:21'),
(784, 'DELETED cuentas Cuenta:97', '2017-06-04 19:13:21'),
(785, 'DELETED cuentasmensajes Cuenta:95', '2017-06-04 19:13:33'),
(786, 'DELETED perfilesroles Cuenta:95', '2017-06-04 19:13:33'),
(787, 'DELETED cuentasxpagar Cuenta:95', '2017-06-04 19:13:33'),
(788, 'DELETED ordencompradetalle Cuenta:95', '2017-06-04 19:13:33'),
(789, 'DELETED ordencompra Cuenta:95', '2017-06-04 19:13:33'),
(790, 'DELETED proveedores Cuenta:95', '2017-06-04 19:13:33'),
(791, 'UPDATED AspNetUsers Cuenta:95', '2017-06-04 19:13:33'),
(792, 'DELETED AspNetUserRoles Cuenta:95', '2017-06-04 19:13:33'),
(793, 'UPDATED cuentas Cuenta:95', '2017-06-04 19:13:33'),
(794, 'DELETED AspNetUserRoles UserId: 8df5e51b-9858-421b-b0b6-9571dd6042a0, Cuenta: 95', '2017-06-04 19:13:33'),
(795, 'DELETED cuentasusuarios Cuenta:95', '2017-06-04 19:13:33');
INSERT INTO `impuls_logs` (`id`, `log`, `fecha`) VALUES
(796, 'DELETED AspNetUsers Cuenta:8df5e51b-9858-421b-b0b6-9571dd6042a0', '2017-06-04 19:13:33'),
(797, 'DELETED perfiles Cuenta:95', '2017-06-04 19:13:33'),
(798, 'DELETED cuentas Cuenta:95', '2017-06-04 19:13:33'),
(799, 'DELETED cuentasmensajes Cuenta:94', '2017-06-04 19:15:53'),
(800, 'DELETED perfilesroles Cuenta:94', '2017-06-04 19:15:53'),
(801, 'DELETED cuentasxpagar Cuenta:94', '2017-06-04 19:15:53'),
(802, 'DELETED ordencompradetalle Cuenta:94', '2017-06-04 19:15:53'),
(803, 'DELETED ordencompra Cuenta:94', '2017-06-04 19:15:53'),
(804, 'DELETED proveedores Cuenta:94', '2017-06-04 19:15:53'),
(805, 'UPDATED AspNetUsers Cuenta:94', '2017-06-04 19:15:53'),
(806, 'DELETED AspNetUserRoles Cuenta:94', '2017-06-04 19:15:53'),
(807, 'UPDATED cuentas Cuenta:94', '2017-06-04 19:15:53'),
(808, 'DELETED AspNetUserRoles UserId: 68edc70f-ac87-48c4-bf06-573a606de4d2, Cuenta: 94', '2017-06-04 19:15:53'),
(809, 'DELETED cuentasusuarios Cuenta:94', '2017-06-04 19:15:53'),
(810, 'DELETED AspNetUsers Cuenta:68edc70f-ac87-48c4-bf06-573a606de4d2', '2017-06-04 19:15:53'),
(811, 'DELETED perfiles Cuenta:94', '2017-06-04 19:15:53'),
(812, 'DELETED cuentas Cuenta:94', '2017-06-04 19:15:53'),
(813, 'DELETED cuentasmensajes Cuenta:96', '2017-06-04 19:20:13'),
(814, 'DELETED perfilesroles Cuenta:96', '2017-06-04 19:20:13'),
(815, 'DELETED cuentasxpagar Cuenta:96', '2017-06-04 19:20:13'),
(816, 'DELETED ordencompradetalle Cuenta:96', '2017-06-04 19:20:13'),
(817, 'DELETED ordencompra Cuenta:96', '2017-06-04 19:20:13'),
(818, 'DELETED proveedores Cuenta:96', '2017-06-04 19:20:13'),
(819, 'UPDATED AspNetUsers Cuenta:96', '2017-06-04 19:20:13'),
(820, 'DELETED AspNetUserRoles Cuenta:96', '2017-06-04 19:20:13'),
(821, 'UPDATED cuentas Cuenta:96', '2017-06-04 19:20:13'),
(822, 'DELETED AspNetUserRoles UserId: 761f898e-8b78-42ce-9002-545ec6daa426, Cuenta: 96', '2017-06-04 19:20:13'),
(823, 'DELETED cuentasusuarios Cuenta:96', '2017-06-04 19:20:13'),
(824, 'DELETED AspNetUsers Cuenta:761f898e-8b78-42ce-9002-545ec6daa426', '2017-06-04 19:20:13'),
(825, 'DELETED perfiles Cuenta:96', '2017-06-04 19:20:13'),
(826, 'DELETED cuentas Cuenta:96', '2017-06-04 19:20:13'),
(827, 'DELETED cuentasmensajes Cuenta:98', '2017-06-04 19:21:09'),
(828, 'DELETED perfilesroles Cuenta:98', '2017-06-04 19:21:09'),
(829, 'DELETED cuentasxpagar Cuenta:98', '2017-06-04 19:21:09'),
(830, 'DELETED ordencompradetalle Cuenta:98', '2017-06-04 19:21:09'),
(831, 'DELETED ordencompra Cuenta:98', '2017-06-04 19:21:09'),
(832, 'DELETED proveedores Cuenta:98', '2017-06-04 19:21:09'),
(833, 'UPDATED AspNetUsers Cuenta:98', '2017-06-04 19:21:09'),
(834, 'DELETED AspNetUserRoles Cuenta:98', '2017-06-04 19:21:09'),
(835, 'UPDATED cuentas Cuenta:98', '2017-06-04 19:21:09'),
(836, 'DELETED AspNetUserRoles UserId: 8d64d031-7af8-43ab-aa3a-e37a0a40659d, Cuenta: 98', '2017-06-04 19:21:09'),
(837, 'DELETED cuentasusuarios Cuenta:98', '2017-06-04 19:21:09'),
(838, 'DELETED AspNetUsers Cuenta:8d64d031-7af8-43ab-aa3a-e37a0a40659d', '2017-06-04 19:21:09'),
(839, 'DELETED perfiles Cuenta:98', '2017-06-04 19:21:09'),
(840, 'DELETED cuentas Cuenta:98', '2017-06-04 19:21:09');

-- --------------------------------------------------------

--
-- Table structure for table `informes`
--

CREATE TABLE IF NOT EXISTS `informes` (
  `Id` int(11) NOT NULL AUTO_INCREMENT,
  `Url` varchar(1500) DEFAULT NULL,
  `Nombre` varchar(45) DEFAULT NULL,
  `Fecha` datetime DEFAULT NULL,
  `IdVenta` int(11) DEFAULT NULL,
  PRIMARY KEY (`Id`)
) ENGINE=MyISAM  DEFAULT CHARSET=latin1 AUTO_INCREMENT=3 ;

--
-- Dumping data for table `informes`
--

INSERT INTO `informes` (`Id`, `Url`, `Nombre`, `Fecha`, `IdVenta`) VALUES
(1, '~/Uploads/Factura-1279.pdf', 'INFORME 003 - ENTREGA DE LLAVES TRIANGULARES', '2018-01-24 00:00:00', 3),
(2, '~/Uploads/windows_10_curious_blue_wallpaper_768p_by_david_93x-d84bp53.png', 'INFORME 002 -  LLAVES TRIANGULARES', '2018-06-13 00:00:00', 3);

-- --------------------------------------------------------

--
-- Table structure for table `kitdap`
--

CREATE TABLE IF NOT EXISTS `kitdap` (
  `Id` int(11) NOT NULL AUTO_INCREMENT,
  `Nombre` varchar(45) DEFAULT NULL,
  `Url` varchar(1000) DEFAULT NULL,
  `IdPrevio` int(11) DEFAULT NULL,
  `obra_id` int(11) NOT NULL,
  PRIMARY KEY (`Id`)
) ENGINE=MyISAM  DEFAULT CHARSET=latin1 AUTO_INCREMENT=2 ;

--
-- Dumping data for table `kitdap`
--

INSERT INTO `kitdap` (`Id`, `Nombre`, `Url`, `IdPrevio`, `obra_id`) VALUES
(1, 'CARTA DE PRESENTACION', '~/Uploads/003.pdf', 1, 0);

-- --------------------------------------------------------

--
-- Table structure for table `mantenimientocorrectivo`
--

CREATE TABLE IF NOT EXISTS `mantenimientocorrectivo` (
  `Id` int(11) NOT NULL AUTO_INCREMENT,
  `Tipo` varchar(45) DEFAULT NULL,
  `Descripcion` varchar(500) DEFAULT NULL,
  `PersonaJuridica` varchar(45) DEFAULT NULL,
  `FechaVisita` datetime DEFAULT NULL,
  `FechaPublicacion` datetime DEFAULT NULL,
  `NombreDocumento` varchar(45) DEFAULT NULL,
  `Tecnico` varchar(45) DEFAULT NULL,
  `EquiposAtendidos` varchar(45) DEFAULT NULL,
  `StatusMantenimiento` varchar(45) DEFAULT NULL,
  `Archivo` varchar(1500) DEFAULT NULL,
  `Evaluacion` varchar(1500) DEFAULT NULL,
  `HoraLlegada` varchar(45) DEFAULT NULL,
  `HoraSalida` varchar(45) DEFAULT NULL,
  `IdVenta` int(11) DEFAULT NULL,
  PRIMARY KEY (`Id`)
) ENGINE=MyISAM  DEFAULT CHARSET=latin1 AUTO_INCREMENT=3 ;

--
-- Dumping data for table `mantenimientocorrectivo`
--

INSERT INTO `mantenimientocorrectivo` (`Id`, `Tipo`, `Descripcion`, `PersonaJuridica`, `FechaVisita`, `FechaPublicacion`, `NombreDocumento`, `Tecnico`, `EquiposAtendidos`, `StatusMantenimiento`, `Archivo`, `Evaluacion`, `HoraLlegada`, `HoraSalida`, `IdVenta`) VALUES
(1, 'ASCENSOR DE SERVICIO', 'MANTENIMIENTO 005 - NOVIEMBRE 2018', NULL, NULL, NULL, NULL, NULL, NULL, NULL, '~/Uploads/003.pdf', '~/Uploads/003.pdf', NULL, NULL, 2),
(2, '3', 'MANTENIMIENTO 004 - NOVIEMBRE 2017', 'evdv', '2018-06-14 00:00:00', '2018-06-14 00:00:00', '3243425', 'dsfsf', 'sf', 'sf', '~/Uploads/Microsoft-Windows-10-Android-Wallpapers.jpeg', '~/Uploads/night-mountain-wallpaper-high-resolution-For-Desktop-Wallpaper.jpg', '10:58', NULL, 2);

-- --------------------------------------------------------

--
-- Table structure for table `mantenimientopreventivo`
--

CREATE TABLE IF NOT EXISTS `mantenimientopreventivo` (
  `Id` int(11) NOT NULL AUTO_INCREMENT,
  `Tipo` varchar(45) DEFAULT NULL,
  `Descripcion` varchar(500) DEFAULT NULL,
  `PersonaJuridica` varchar(45) DEFAULT NULL,
  `FechaVisita` datetime DEFAULT NULL,
  `FechaPublicacion` datetime DEFAULT NULL,
  `NombreDocumento` varchar(45) DEFAULT NULL,
  `Tecnico` varchar(45) DEFAULT NULL,
  `EquiposAtendidos` varchar(45) DEFAULT NULL,
  `StatusMantenimiento` varchar(45) DEFAULT NULL,
  `Archivo` varchar(1500) DEFAULT NULL,
  `Evaluacion` varchar(1500) DEFAULT NULL,
  `HoraLlegada` varchar(45) DEFAULT NULL,
  `HoraSalida` varchar(45) DEFAULT NULL,
  `IdVenta` int(11) DEFAULT NULL,
  PRIMARY KEY (`Id`)
) ENGINE=MyISAM  DEFAULT CHARSET=latin1 AUTO_INCREMENT=7 ;

--
-- Dumping data for table `mantenimientopreventivo`
--

INSERT INTO `mantenimientopreventivo` (`Id`, `Tipo`, `Descripcion`, `PersonaJuridica`, `FechaVisita`, `FechaPublicacion`, `NombreDocumento`, `Tecnico`, `EquiposAtendidos`, `StatusMantenimiento`, `Archivo`, `Evaluacion`, `HoraLlegada`, `HoraSalida`, `IdVenta`) VALUES
(1, 'ASCENSOR PRIVADO', 'MANTENIMIENTO 005 - NOVIEMBRE 2018', 'rf', '2018-06-13 00:00:00', '2018-06-05 00:00:00', '234324', 'hola', 'sfg', 'ggrggr', '~/Uploads/003.pdf', '~/Uploads/003.pdf', '09:04', '17:00', 1),
(3, 'MONTA CARRO', 'MANTENIMIENTO 006 - DICIEMBRE 2018', 'frgrg', '2018-06-13 00:00:00', '2018-06-14 00:00:00', '4556', 'dfgdfg', 'dg', 'dg', '~/Uploads/localhost.sql', '~/Uploads/install.php', '17:54', '05:06', 1),
(4, 'ASCENSOR DE SERVICIO', 'MANTENIMIENTO 007 - ENERO 2018', 'efewf', '2018-06-13 00:00:00', '2018-06-21 00:00:00', '46', 'fgddf', 'seffe', 'fes', '~/Uploads/k.txt', '', '00:59', '23:58', 1),
(5, 'ASCENSOR PRIVADO', 'MANTENIMIENTO 008 - FEBRERO 2018', 'gerg', '2018-06-13 00:00:00', '2018-06-14 00:00:00', '3245', 'ADADF', 'AAWD', 'AD', '~/Uploads/118362.jpg', '~/Uploads/arboles.jpg', '11:58', '22:58', 1),
(6, 'ASCENSOR PRIVADO', 'fgefgreg', 'vgver', '2018-06-13 00:00:00', '2018-06-14 00:00:00', '4665', 'greg', 'rgerg', 'rgeg', '~/Uploads/Free-Wallpaper-Water-download-high-definiton-wallpapers-windows-10-backgrounds-amazing-download-wallpapers-hi-res-cool-colours-artwork-1920x1080.jpg', '~/Uploads/118362.jpg', '23:58', '23:59', 1);

-- --------------------------------------------------------

--
-- Table structure for table `mensajes`
--

CREATE TABLE IF NOT EXISTS `mensajes` (
  `Id` int(11) NOT NULL AUTO_INCREMENT,
  `Titulo` varchar(100) NOT NULL,
  `Contenido` varchar(5000) DEFAULT NULL,
  `Archivo` varchar(100) DEFAULT NULL,
  `FechaPublicacion` datetime NOT NULL,
  `FechaCaducidad` datetime NOT NULL,
  `EnviadoA` enum('TODOS','SERVICIO','MERCADERIA') DEFAULT NULL,
  `Borrado` tinyint(1) NOT NULL DEFAULT '0',
  `FechaTx` datetime DEFAULT NULL,
  `UsuarioIdTx` varchar(128) DEFAULT NULL,
  `OperacionTx` enum('CREATE','UPDATE','DELETE') DEFAULT 'CREATE',
  PRIMARY KEY (`Id`),
  KEY `fk_mensajes_usuario` (`UsuarioIdTx`)
) ENGINE=InnoDB DEFAULT CHARSET=utf8 AUTO_INCREMENT=1 ;

-- --------------------------------------------------------

--
-- Table structure for table `niveleseervicio`
--

CREATE TABLE IF NOT EXISTS `niveleseervicio` (
  `Id` int(11) NOT NULL AUTO_INCREMENT,
  `ProveedorId` int(11) NOT NULL,
  `Fecha` datetime NOT NULL,
  `UltimoMes` decimal(18,2) NOT NULL,
  `TemporadaActual` decimal(18,2) NOT NULL,
  `AcumuladoAnual` decimal(18,2) NOT NULL,
  `PedidoAtrasado` decimal(18,2) NOT NULL,
  `PedidoEnTiempo` decimal(18,2) NOT NULL,
  `PedidoTotal` decimal(18,2) NOT NULL,
  PRIMARY KEY (`Id`),
  KEY `fk_nivelservicio_proveedor_idx` (`ProveedorId`)
) ENGINE=InnoDB DEFAULT CHARSET=utf8 AUTO_INCREMENT=1 ;

-- --------------------------------------------------------

--
-- Table structure for table `obras`
--

CREATE TABLE IF NOT EXISTS `obras` (
  `Id` int(11) NOT NULL AUTO_INCREMENT,
  `Nombre` varchar(45) DEFAULT NULL,
  `PersonaJuridica` varchar(45) DEFAULT NULL,
  `DireccionFacturacion` varchar(300) DEFAULT NULL,
  `DireccionOficina` varchar(300) DEFAULT NULL,
  `DireccionObra` varchar(300) DEFAULT NULL,
  `TelefonoOficina` varchar(45) DEFAULT NULL,
  `Contacto` varchar(45) DEFAULT NULL,
  `Contacto2` varchar(45) DEFAULT NULL,
  `Email` varchar(45) DEFAULT NULL,
  `Email2` varchar(45) DEFAULT NULL,
  `foto` varchar(5000) DEFAULT NULL,
  `mapa` varchar(5000) DEFAULT NULL,
  PRIMARY KEY (`Id`)
) ENGINE=MyISAM  DEFAULT CHARSET=latin1 AUTO_INCREMENT=4 ;

--
-- Dumping data for table `obras`
--

INSERT INTO `obras` (`Id`, `Nombre`, `PersonaJuridica`, `DireccionFacturacion`, `DireccionOficina`, `DireccionObra`, `TelefonoOficina`, `Contacto`, `Contacto2`, `Email`, `Email2`, `foto`, `mapa`) VALUES
(1, 'CASA BLANCA PRUEBA', 'CASA BLANCA C.A', 'AV.LAS FUENTES 2', 'AV, LAS FUENTES PARAISO', 'EDIF PARAISO', '0212514578525', 'ALAIN', 'MARIO', 'ALAIN@GMAIL.COM', 'MARIO@GMAIL.COM', '~/Uploads/1.docx', '~/Uploads/EXPLICACIONES.docx'),
(2, 'obras 2 de prueba', 'prueba', 'paraiso', 'oficina', 'fuentes', '+58(212) 514578525', 'juan', 'pedro', 'pedro@gmail.com', 'jaun@gmail.com', NULL, NULL),
(3, 'CERRO VERDE', 'CERRO VERDE', 'nada', 'ninguna', 'ninguna', '+52 (524) 555-5555', 'ninguna', 'ninguna', 'jdsistemasltd@gmail.com', 'jdsistemasltd@gmail.com', NULL, NULL);

-- --------------------------------------------------------

--
-- Table structure for table `obras_contactos`
--

CREATE TABLE IF NOT EXISTS `obras_contactos` (
  `id` int(11) NOT NULL AUTO_INCREMENT,
  `nombre` varchar(500) DEFAULT NULL,
  `email` varchar(500) DEFAULT NULL,
  `telefono` varchar(500) DEFAULT NULL,
  `obra_id` int(11) NOT NULL,
  PRIMARY KEY (`id`)
) ENGINE=InnoDB  DEFAULT CHARSET=latin1 AUTO_INCREMENT=5 ;

--
-- Dumping data for table `obras_contactos`
--

INSERT INTO `obras_contactos` (`id`, `nombre`, `email`, `telefono`, `obra_id`) VALUES
(1, 'hjhfdfhdf', 'lkd@gmil.com', '57775', 0),
(2, 'jose', 'jose@gmail.com', '04145621545', 0),
(3, 'luis', 'luis@gmail.com', '7478282', 1),
(4, 'hjhfdfhdf', 'lkd@gmil.com', '57775', 1);

-- --------------------------------------------------------

--
-- Table structure for table `obrasgestion`
--

CREATE TABLE IF NOT EXISTS `obrasgestion` (
  `Id` int(11) NOT NULL AUTO_INCREMENT,
  `primercontacto` varchar(500) NOT NULL,
  `contactotelefonicoobra` varchar(500) NOT NULL,
  `correoelectronicoobra` varchar(500) NOT NULL,
  `cargoobra` varchar(500) NOT NULL,
  `nombreconstructora` varchar(500) NOT NULL,
  `contactotelefonicoempresa` varchar(500) NOT NULL,
  `correoelectronicoempresa` varchar(500) NOT NULL,
  `cargoempresa` varchar(500) NOT NULL,
  `ubicacionobra` varchar(500) NOT NULL,
  `tipoobra` varchar(500) NOT NULL,
  `numeroequipos` varchar(500) NOT NULL,
  `tipoequipo` varchar(500) NOT NULL,
  `vendidasclimb` varchar(500) NOT NULL,
  `vendidasotros` varchar(500) NOT NULL,
  `novendidas` varchar(500) NOT NULL,
  `paralizadas` varchar(500) NOT NULL,
  `direccionoficina` varchar(500) NOT NULL,
  `Descripcion` varchar(45) DEFAULT NULL,
  PRIMARY KEY (`Id`)
) ENGINE=MyISAM DEFAULT CHARSET=latin1 AUTO_INCREMENT=1 ;

-- --------------------------------------------------------

--
-- Table structure for table `ordencompra`
--

CREATE TABLE IF NOT EXISTS `ordencompra` (
  `Id` int(11) NOT NULL AUTO_INCREMENT,
  `NumeroDocumento` varchar(20) DEFAULT NULL,
  `Sociedad` varchar(10) DEFAULT NULL,
  `TipoDocumento` varchar(5) DEFAULT NULL,
  `ClaseDocumento` varchar(5) DEFAULT NULL,
  `IndicadorControl` varchar(20) DEFAULT NULL,
  `IndicadorBorrado` varchar(20) DEFAULT NULL,
  `EstatusDocumento` varchar(20) DEFAULT NULL,
  `FechaCreacionSap` varchar(10) DEFAULT NULL,
  `IntervaloPosicion` int(11) DEFAULT NULL,
  `UltimoNumeroPos` int(11) DEFAULT NULL,
  `NumeroProveedor` varchar(20) DEFAULT NULL,
  `ClavePago` varchar(10) DEFAULT NULL,
  `OrganizacionCompra` varchar(10) DEFAULT NULL,
  `GrupoCompra` varchar(10) DEFAULT NULL,
  `Moneda` varchar(5) DEFAULT NULL,
  `TipoCambio` int(11) DEFAULT NULL,
  `IndTipoCambio` varchar(20) DEFAULT NULL,
  `FechaDocCompra` varchar(10) DEFAULT NULL,
  `FechaCargaPortal` timestamp NOT NULL DEFAULT CURRENT_TIMESTAMP,
  `ProveedorId` int(11) DEFAULT NULL,
  `FechaVisualizado` datetime DEFAULT NULL,
  `CitaId` int(11) DEFAULT NULL,
  PRIMARY KEY (`Id`),
  KEY `ProveedorId` (`ProveedorId`),
  KEY `NumeroProveedor` (`NumeroProveedor`)
) ENGINE=InnoDB DEFAULT CHARSET=utf8 AUTO_INCREMENT=1 ;

-- --------------------------------------------------------

--
-- Table structure for table `ordencompradetalle`
--

CREATE TABLE IF NOT EXISTS `ordencompradetalle` (
  `Id` int(11) NOT NULL AUTO_INCREMENT,
  `NumeroDocumento` varchar(10) DEFAULT NULL,
  `Ebelp` varchar(5) DEFAULT NULL,
  `DescripcionMaterial` varchar(40) DEFAULT NULL,
  `NumeroMaterial` varchar(18) DEFAULT NULL,
  `Centro` varchar(12) DEFAULT NULL,
  `Almacen` varchar(4) DEFAULT NULL,
  `GrupoArticulos` varchar(9) DEFAULT NULL,
  `CantidadPedido` varchar(13) DEFAULT NULL,
  `UnidadMedidaPedido` varchar(4) DEFAULT NULL,
  `UnidadMedidaPrecio` varchar(5) DEFAULT NULL,
  `ConversionUmpruMP` int(11) DEFAULT NULL,
  `ConversionUmUmBase` int(11) DEFAULT NULL,
  `DenominadorUmUmBase` int(11) DEFAULT NULL,
  `PrecioNeto` decimal(11,2) DEFAULT NULL,
  `CantidadBase` int(11) DEFAULT NULL,
  `ValorNeto` decimal(13,2) DEFAULT NULL,
  `ValorBruto` decimal(13,2) DEFAULT NULL,
  `CantidadUnidadMedida` decimal(13,3) DEFAULT NULL,
  `SapOrdenCompraId` int(11) DEFAULT NULL,
  `FechaCargaPortal` timestamp NOT NULL DEFAULT CURRENT_TIMESTAMP,
  `CantidadComprometida` decimal(18,3) NOT NULL,
  PRIMARY KEY (`Id`),
  KEY `NumeroDocumento` (`NumeroDocumento`),
  KEY `SapOrdenCompraId` (`SapOrdenCompraId`)
) ENGINE=InnoDB DEFAULT CHARSET=utf8 AUTO_INCREMENT=1 ;

-- --------------------------------------------------------

--
-- Table structure for table `pagos`
--

CREATE TABLE IF NOT EXISTS `pagos` (
  `id` int(10) NOT NULL,
  `RFC` varchar(200) NOT NULL,
  `RazonSocial` varchar(200) NOT NULL,
  `NumeroCompensacion` varchar(200) NOT NULL,
  `Referencia` varchar(45) NOT NULL,
  `FechaDePago` varchar(200) NOT NULL,
  `FechaBase` varchar(45) NOT NULL,
  `Importe` varchar(200) NOT NULL,
  `ML` varchar(5) NOT NULL,
  `TipoMovimiento` varchar(200) NOT NULL
) ENGINE=InnoDB DEFAULT CHARSET=utf8;

-- --------------------------------------------------------

--
-- Table structure for table `perfiles`
--

CREATE TABLE IF NOT EXISTS `perfiles` (
  `Id` int(11) NOT NULL AUTO_INCREMENT,
  `Nombre` varchar(30) DEFAULT NULL,
  `Tipo` enum('DAP','PROVEEDOR') NOT NULL,
  `CuentaId` int(11) DEFAULT NULL,
  PRIMARY KEY (`Id`),
  KEY `fk_cuenta` (`CuentaId`)
) ENGINE=InnoDB  DEFAULT CHARSET=utf8 AUTO_INCREMENT=133 ;

--
-- Dumping data for table `perfiles`
--

INSERT INTO `perfiles` (`Id`, `Nombre`, `Tipo`, `CuentaId`) VALUES
(129, 'MAESTRO-ADMINISTRADOR', 'DAP', NULL),
(130, 'MAESTRO-MERCADERIA', 'PROVEEDOR', NULL),
(131, 'Consultar Perfiles', 'PROVEEDOR', 99),
(132, 'Consultar Proveedor', 'DAP', NULL);

-- --------------------------------------------------------

--
-- Table structure for table `perfilesroles`
--

CREATE TABLE IF NOT EXISTS `perfilesroles` (
  `PerfilId` int(11) NOT NULL,
  `RoleId` varchar(128) NOT NULL,
  PRIMARY KEY (`PerfilId`,`RoleId`),
  KEY `fk_role` (`RoleId`)
) ENGINE=InnoDB DEFAULT CHARSET=utf8;

--
-- Dumping data for table `perfilesroles`
--

INSERT INTO `perfilesroles` (`PerfilId`, `RoleId`) VALUES
(130, 'MAESTRO-MERCADERIA'),
(129, 'MAESTRO-NAZAN'),
(131, 'MERCADERIA-ADMINISTRARPERFILES-LISTAR'),
(132, 'NAZAN-ADMINISTRARPROVEEDORESNAZAN-LISTAR');

-- --------------------------------------------------------

--
-- Table structure for table `previos`
--

CREATE TABLE IF NOT EXISTS `previos` (
  `Id` int(11) NOT NULL AUTO_INCREMENT,
  `FechaFirmaContrato` datetime NOT NULL,
  `FechaPagoInicialFabrica` datetime NOT NULL,
  `FechaPagoInicialEquipo` datetime NOT NULL,
  `FechaConstruccion` datetime NOT NULL,
  `FechaSalidaFabrica` datetime NOT NULL,
  `FechaSalidaBuque` datetime NOT NULL,
  `FechaLlegadaBuque` datetime NOT NULL,
  `FechaPeriodoNacionalizacion` datetime NOT NULL,
  `FechaSalidaPuertoObra` datetime NOT NULL,
  `FechaDescargaResguardo` datetime NOT NULL,
  `ActivacionProtocoloGarantiaFabrica` varchar(45) NOT NULL,
  `FechaInicioMontaje` datetime NOT NULL,
  `FechaEntregaSoso` datetime NOT NULL,
  `FechaCulminacionMontaje` datetime NOT NULL,
  `FechaConfiguracion` datetime NOT NULL,
  `FechaPeriodoPrueba` datetime NOT NULL,
  `FechaInspeccion` datetime NOT NULL,
  `TecnicoInstalador` varchar(45) DEFAULT NULL,
  `InformeEntregaFinal` varchar(1000) DEFAULT NULL,
  `FechaDescargaResguardoFotografia` varchar(1000) DEFAULT NULL,
  `FechaCulminacionMontajeFotografia` varchar(1000) DEFAULT NULL,
  `FechaInspeccionFotografia` varchar(1000) DEFAULT NULL,
  `FechaInspeccionVideo` varchar(1000) DEFAULT NULL,
  `equipo_id` int(11) DEFAULT NULL,
  PRIMARY KEY (`Id`)
) ENGINE=MyISAM  DEFAULT CHARSET=latin1 AUTO_INCREMENT=2 ;

--
-- Dumping data for table `previos`
--

INSERT INTO `previos` (`Id`, `FechaFirmaContrato`, `FechaPagoInicialFabrica`, `FechaPagoInicialEquipo`, `FechaConstruccion`, `FechaSalidaFabrica`, `FechaSalidaBuque`, `FechaLlegadaBuque`, `FechaPeriodoNacionalizacion`, `FechaSalidaPuertoObra`, `FechaDescargaResguardo`, `ActivacionProtocoloGarantiaFabrica`, `FechaInicioMontaje`, `FechaEntregaSoso`, `FechaCulminacionMontaje`, `FechaConfiguracion`, `FechaPeriodoPrueba`, `FechaInspeccion`, `TecnicoInstalador`, `InformeEntregaFinal`, `FechaDescargaResguardoFotografia`, `FechaCulminacionMontajeFotografia`, `FechaInspeccionFotografia`, `FechaInspeccionVideo`, `equipo_id`) VALUES
(1, '2018-04-03 00:00:00', '2018-04-03 00:00:00', '2018-04-03 00:00:00', '2018-04-03 00:00:00', '2018-04-03 00:00:00', '2018-04-03 00:00:00', '2018-04-03 00:00:00', '2018-04-03 00:00:00', '2018-04-03 00:00:00', '2018-04-03 00:00:00', '254787', '2018-04-03 00:00:00', '2018-04-03 00:00:00', '2018-04-03 00:00:00', '2018-04-03 00:00:00', '2018-04-03 00:00:00', '2018-04-03 00:00:00', 'jose', '~/Uploads/rif.pdf', '~/Uploads/Factura-1278.pdf', '~/Uploads/pagodominio.pdf', '~/Uploads/rif.pdf', '~/Uploads/rif.pdf', 1);

-- --------------------------------------------------------

--
-- Table structure for table `protocolos`
--

CREATE TABLE IF NOT EXISTS `protocolos` (
  `Id` int(11) NOT NULL AUTO_INCREMENT,
  `Nombre` varchar(45) DEFAULT NULL,
  `Url` varchar(1000) DEFAULT NULL,
  `IdPrevio` int(11) DEFAULT NULL,
  `obra_id` int(11) DEFAULT NULL,
  PRIMARY KEY (`Id`)
) ENGINE=MyISAM  DEFAULT CHARSET=latin1 AUTO_INCREMENT=2 ;

--
-- Dumping data for table `protocolos`
--

INSERT INTO `protocolos` (`Id`, `Nombre`, `Url`, `IdPrevio`, `obra_id`) VALUES
(1, 'PROTOCOLOS DE DESCARGA', '~/Uploads/Factura-1279.pdf', 1, NULL);

-- --------------------------------------------------------

--
-- Table structure for table `proveedores`
--

CREATE TABLE IF NOT EXISTS `proveedores` (
  `Id` int(11) NOT NULL AUTO_INCREMENT,
  `NumeroProveedor` varchar(10) DEFAULT NULL,
  `ClavePais` varchar(3) DEFAULT NULL,
  `Nombre1` varchar(35) DEFAULT NULL,
  `Nombre2` varchar(35) DEFAULT NULL,
  `Nombre3` varchar(35) DEFAULT NULL,
  `Nombre4` varchar(35) DEFAULT NULL,
  `Poblacion` varchar(35) DEFAULT NULL,
  `Distrito` varchar(35) DEFAULT NULL,
  `Apartado` varchar(10) DEFAULT NULL,
  `CodigoApartado` varchar(10) DEFAULT NULL,
  `CodigoPostal` varchar(10) DEFAULT NULL,
  `Region` varchar(3) DEFAULT NULL,
  `Calle` varchar(35) DEFAULT NULL,
  `Direccion` varchar(10) DEFAULT NULL,
  `Sociedad` varchar(4) DEFAULT NULL,
  `OrganizacionCompra` varchar(4) DEFAULT NULL,
  `ClaveMoned` varchar(10) DEFAULT NULL,
  `VendedorResponsable` varchar(35) DEFAULT NULL,
  `NumeroTelefono` varchar(16) DEFAULT NULL,
  `CondicionPago` varchar(4) DEFAULT NULL,
  `IncoTerminos1` varchar(3) DEFAULT NULL,
  `IncoTerminos2` varchar(28) DEFAULT NULL,
  `GrupoCompras` varchar(3) DEFAULT NULL,
  `DenominacionGrupo` varchar(18) DEFAULT NULL,
  `TelefonoGrupoCompra` varchar(12) DEFAULT NULL,
  `TelefonoPrefijo` varchar(30) DEFAULT NULL,
  `TelefonoExtension` varchar(10) DEFAULT NULL,
  `Correo` varchar(241) DEFAULT NULL,
  `CuentaId` int(11) NOT NULL,
  `FechaCargaPortal` timestamp NOT NULL DEFAULT CURRENT_TIMESTAMP,
  `UsuarioIdTx` varchar(128) DEFAULT NULL,
  `OperacionTx` enum('CREATE','UPDATE','DELETE') NOT NULL DEFAULT 'CREATE',
  `Rfc` varchar(100) DEFAULT NULL,
  `Borrado` tinyint(1) NOT NULL DEFAULT '0',
  PRIMARY KEY (`Id`),
  KEY `NumeroProveedor` (`NumeroProveedor`),
  KEY `CuentaId` (`CuentaId`)
) ENGINE=InnoDB  DEFAULT CHARSET=utf8 AUTO_INCREMENT=73 ;

--
-- Dumping data for table `proveedores`
--

INSERT INTO `proveedores` (`Id`, `NumeroProveedor`, `ClavePais`, `Nombre1`, `Nombre2`, `Nombre3`, `Nombre4`, `Poblacion`, `Distrito`, `Apartado`, `CodigoApartado`, `CodigoPostal`, `Region`, `Calle`, `Direccion`, `Sociedad`, `OrganizacionCompra`, `ClaveMoned`, `VendedorResponsable`, `NumeroTelefono`, `CondicionPago`, `IncoTerminos1`, `IncoTerminos2`, `GrupoCompras`, `DenominacionGrupo`, `TelefonoGrupoCompra`, `TelefonoPrefijo`, `TelefonoExtension`, `Correo`, `CuentaId`, `FechaCargaPortal`, `UsuarioIdTx`, `OperacionTx`, `Rfc`, `Borrado`) VALUES
(69, '0000000006', 'MX', 'DISTRIBUIDORA FLEXI SA DE CV', '', '', '', 'LEON', '', '', '', '37510', 'GTO', 'BLVD.FRANCISCO VILLA SUR 201', '0000022685', '1000', 'OC01', 'MXN', '', '4777102500', 'Z030', '', '', 'C03', 'Fabian Perez', '', '', '', 'fperez@impuls.com.mx', 99, '0000-00-00 00:00:00', NULL, 'CREATE', 'DFL8009138B9', 0),
(70, '0000500000', 'MX', 'BONETERA MONTERREY SA DE CV', '', '', '', 'MONTERREY', '', '', '', '64710', 'NL', 'PROLONG.V.CARRANZA 601 SUR', '0000024823', '1001', 'OC01', 'MXN', '', '', 'Z060', '', '', 'C03', 'Fabian Perez', '', '', '', 'fperez@impuls.com.mx', 99, '0000-00-00 00:00:00', NULL, 'CREATE', 'BMO860526KX2', 0),
(71, '0000001296', 'MX', 'DISTRIBUIDORA GRUPAR SA DE CV', '', '', '', 'LEON', '', '', '', '37545', 'GTO', 'KAPPA 305', '0000024073', '1000', 'OC01', 'MXN', '', '4771676261', 'Z030', '', '', 'C03', 'Fabian Perez', '', '', '', 'fperez@impuls.com.mx', 99, '0000-00-00 00:00:00', NULL, 'CREATE', 'DGR080616BE4', 0),
(72, '0000001667', 'MX', 'CALZADO CENTOMO SA DE CV', '', '', '', 'LEON', '', '', '', '37266', 'GTO', 'ESPAÑITA 106', '0000333439', '1001', 'OC01', 'MXN', 'JOSE CARLOS VAZQUEZ HERNANDEZ', '(477) 100 63 10', 'Z030', '', '', 'C36', 'Mary Carmen Verón', '', '', '', 'mveron@impuls.com.mx', 99, '0000-00-00 00:00:00', NULL, 'CREATE', 'CCE150312B88', 0);

-- --------------------------------------------------------

--
-- Table structure for table `requerimientos`
--

CREATE TABLE IF NOT EXISTS `requerimientos` (
  `Id` int(11) NOT NULL AUTO_INCREMENT,
  `Obra` varchar(45) DEFAULT NULL,
  `Tipo` varchar(45) DEFAULT NULL,
  `FechaSolicitud` datetime DEFAULT NULL,
  `GerenciaResponsable` varchar(45) DEFAULT NULL,
  `Tecnicos` varchar(45) DEFAULT NULL,
  `StatusRequerimiento` varchar(45) DEFAULT NULL,
  `FechaCumplimientoSolicitud` datetime DEFAULT NULL,
  `Descripcion` varchar(500) DEFAULT NULL,
  `AccionesEjecutadas` varchar(1500) DEFAULT NULL,
  `obra_id` int(11) DEFAULT NULL,
  PRIMARY KEY (`Id`)
) ENGINE=MyISAM  DEFAULT CHARSET=latin1 AUTO_INCREMENT=3 ;

--
-- Dumping data for table `requerimientos`
--

INSERT INTO `requerimientos` (`Id`, `Obra`, `Tipo`, `FechaSolicitud`, `GerenciaResponsable`, `Tecnicos`, `StatusRequerimiento`, `FechaCumplimientoSolicitud`, `Descripcion`, `AccionesEjecutadas`, `obra_id`) VALUES
(1, 'CASA BLANCA PRUEBA', 'PROGRAMACION DE HUELLAS', '2018-04-04 00:00:00', 'GESTION Y PROYECTOS', 'SAMY FIGUERA', 'REQUERIMIENTO EJECUTADO', '2018-04-02 00:00:00', 'jhgghfgh', 'no', 1),
(2, 'obras 2 de prueba', 'SOLICITUD DE BOTONERA', '2018-04-03 00:00:00', 'MANIOBRAS ELECTRICAS', 'RONALD', 'REQUERIMIENTO EJECUTADO', '2018-04-06 00:00:00', 'HOLA', 'SI', 2);

-- --------------------------------------------------------

--
-- Table structure for table `requerimientos_status`
--

CREATE TABLE IF NOT EXISTS `requerimientos_status` (
  `id` int(11) NOT NULL AUTO_INCREMENT,
  `descripcion` varchar(500) DEFAULT NULL,
  PRIMARY KEY (`id`)
) ENGINE=InnoDB  DEFAULT CHARSET=latin1 AUTO_INCREMENT=5 ;

--
-- Dumping data for table `requerimientos_status`
--

INSERT INTO `requerimientos_status` (`id`, `descripcion`) VALUES
(1, 'REQUERIMIENTO EJECUTADO'),
(2, 'EN EJECUCION'),
(3, 'POR ATENDER'),
(4, 'EN TRANSITO');

-- --------------------------------------------------------

--
-- Table structure for table `requerimientos_tipo`
--

CREATE TABLE IF NOT EXISTS `requerimientos_tipo` (
  `id` int(11) NOT NULL AUTO_INCREMENT,
  `descripcion` varchar(500) DEFAULT NULL,
  PRIMARY KEY (`id`)
) ENGINE=InnoDB  DEFAULT CHARSET=latin1 AUTO_INCREMENT=4 ;

--
-- Dumping data for table `requerimientos_tipo`
--

INSERT INTO `requerimientos_tipo` (`id`, `descripcion`) VALUES
(1, 'REQUERIMIENTO EJECUTADO'),
(2, 'EN EJECUCION'),
(3, 'POR ATENDER');

-- --------------------------------------------------------

--
-- Table structure for table `requerimientoscorreos`
--

CREATE TABLE IF NOT EXISTS `requerimientoscorreos` (
  `Id` int(11) NOT NULL AUTO_INCREMENT,
  `url` varchar(1500) DEFAULT NULL,
  `IdRequerimientos` int(11) DEFAULT NULL,
  PRIMARY KEY (`Id`)
) ENGINE=MyISAM DEFAULT CHARSET=latin1 AUTO_INCREMENT=1 ;

-- --------------------------------------------------------

--
-- Table structure for table `rieles`
--

CREATE TABLE IF NOT EXISTS `rieles` (
  `Id` int(11) NOT NULL AUTO_INCREMENT,
  `Codigo` varchar(10) NOT NULL,
  `Riel` varchar(10) NOT NULL,
  `AndenId` int(11) NOT NULL,
  PRIMARY KEY (`Id`),
  KEY `fk_rieles_anden` (`AndenId`)
) ENGINE=InnoDB  DEFAULT CHARSET=utf8 AUTO_INCREMENT=7 ;

--
-- Dumping data for table `rieles`
--

INSERT INTO `rieles` (`Id`, `Codigo`, `Riel`, `AndenId`) VALUES
(1, '00011', '1', 1),
(2, '00012', '2', 1),
(3, '00021', '1', 2),
(4, '00022', '2', 2),
(5, '00031', '1', 3),
(6, '00032', '2', 3);

-- --------------------------------------------------------

--
-- Table structure for table `scalealmacen`
--

CREATE TABLE IF NOT EXISTS `scalealmacen` (
  `Id` int(11) NOT NULL AUTO_INCREMENT,
  `Sap` varchar(500) NOT NULL,
  `Scale` varchar(500) NOT NULL,
  PRIMARY KEY (`Id`)
) ENGINE=InnoDB  DEFAULT CHARSET=utf8 AUTO_INCREMENT=6 ;

--
-- Dumping data for table `scalealmacen`
--

INSERT INTO `scalealmacen` (`Id`, `Sap`, `Scale`) VALUES
(1, 'CD01', 'LEON 01'),
(2, 'CD04', 'LEON 02'),
(3, 'CD05', 'LEON 03'),
(4, 'CD06', 'CD06'),
(5, 'Cross Dock', 'CD06');

-- --------------------------------------------------------

--
-- Table structure for table `sugerencias`
--

CREATE TABLE IF NOT EXISTS `sugerencias` (
  `Id` int(11) NOT NULL AUTO_INCREMENT,
  `Descripcion` varchar(450) DEFAULT NULL,
  `Caracteristica` varchar(500) DEFAULT NULL,
  `Numero` varchar(45) DEFAULT NULL,
  `Fecha` datetime DEFAULT NULL,
  `AccionesTomadas` varchar(1500) DEFAULT NULL,
  `AccionesRecomendadas` varchar(1500) DEFAULT NULL,
  `GerenciaResponsable` varchar(1500) DEFAULT NULL,
  `IdVenta` int(11) DEFAULT NULL,
  PRIMARY KEY (`Id`)
) ENGINE=MyISAM  DEFAULT CHARSET=latin1 AUTO_INCREMENT=3 ;

--
-- Dumping data for table `sugerencias`
--

INSERT INTO `sugerencias` (`Id`, `Descripcion`, `Caracteristica`, `Numero`, `Fecha`, `AccionesTomadas`, `AccionesRecomendadas`, `GerenciaResponsable`, `IdVenta`) VALUES
(1, 'SUGERENCIA 002 - PERSONAL TÉCNICO INGRESAR DEBIDAMENTE IDENTIFICADO NOVIEMBRE 2017', NULL, NULL, NULL, NULL, NULL, NULL, 4),
(2, 'SUGERENCIA 002 - PERSONAL TÉCNICO INGRESAR DEBIDAMENTE IDENTIFICADO NOVIEMBRE 2018', NULL, '32545', '2018-06-13 00:00:00', 'fewf', 'wefwf', 'wefewf', 4);

-- --------------------------------------------------------

--
-- Table structure for table `tipocuentas`
--

CREATE TABLE IF NOT EXISTS `tipocuentas` (
  `Id` int(11) NOT NULL AUTO_INCREMENT,
  `Codigo` varchar(5) NOT NULL,
  `Nombre` varchar(50) NOT NULL,
  `Descripcion` varchar(200) DEFAULT NULL,
  PRIMARY KEY (`Id`),
  UNIQUE KEY `unq_tipocuentas_codigo` (`Codigo`),
  UNIQUE KEY `unq_tipocuentas_nombre` (`Nombre`)
) ENGINE=InnoDB DEFAULT CHARSET=utf8 AUTO_INCREMENT=1 ;

-- --------------------------------------------------------

--
-- Table structure for table `tipousuario`
--

CREATE TABLE IF NOT EXISTS `tipousuario` (
  `Id` int(11) NOT NULL AUTO_INCREMENT,
  `Codigo` varchar(5) DEFAULT NULL,
  `Nombre` varchar(30) DEFAULT NULL,
  `Descripcion` varchar(200) DEFAULT NULL,
  PRIMARY KEY (`Id`),
  UNIQUE KEY `unq_tipousuario_codigo` (`Codigo`),
  UNIQUE KEY `unq_tipousuario_nombre` (`Nombre`)
) ENGINE=InnoDB DEFAULT CHARSET=utf8 AUTO_INCREMENT=1 ;

-- --------------------------------------------------------

--
-- Table structure for table `ventas`
--

CREATE TABLE IF NOT EXISTS `ventas` (
  `Id` int(11) NOT NULL AUTO_INCREMENT,
  `Descripcion` varchar(400) DEFAULT NULL,
  `IdObra` int(11) DEFAULT NULL,
  PRIMARY KEY (`Id`)
) ENGINE=MyISAM  DEFAULT CHARSET=latin1 AUTO_INCREMENT=5 ;

--
-- Dumping data for table `ventas`
--

INSERT INTO `ventas` (`Id`, `Descripcion`, `IdObra`) VALUES
(1, 'MANTENIMIENTOS PREVENTIVOS', 1),
(2, 'MANTENIMIENTOS CORRECTIVOS', 1),
(3, 'INFORMES GENERALES', 1),
(4, 'REPORTES DE SUGERENCIAS', 1);

--
-- Constraints for dumped tables
--

--
-- Constraints for table `acumuladores`
--
ALTER TABLE `acumuladores`
  ADD CONSTRAINT `fk_acumulador_almacen` FOREIGN KEY (`AlmacenId`) REFERENCES `almacenes` (`Id`);

--
-- Constraints for table `asn`
--
ALTER TABLE `asn`
  ADD CONSTRAINT `fk_asn_cita` FOREIGN KEY (`CitaId`) REFERENCES `citas` (`Id`) ON DELETE NO ACTION ON UPDATE NO ACTION;

--
-- Constraints for table `aspnetuserclaims`
--
ALTER TABLE `aspnetuserclaims`
  ADD CONSTRAINT `ApplicationUser_Claims` FOREIGN KEY (`UserId`) REFERENCES `aspnetusers` (`Id`) ON DELETE CASCADE ON UPDATE NO ACTION;

--
-- Constraints for table `aspnetuserlogins`
--
ALTER TABLE `aspnetuserlogins`
  ADD CONSTRAINT `ApplicationUser_Logins` FOREIGN KEY (`UserId`) REFERENCES `aspnetusers` (`Id`) ON DELETE CASCADE ON UPDATE NO ACTION;

--
-- Constraints for table `aspnetuserroles`
--
ALTER TABLE `aspnetuserroles`
  ADD CONSTRAINT `fk_aspnetuserroles_role` FOREIGN KEY (`RoleId`) REFERENCES `aspnetroles` (`Id`),
  ADD CONSTRAINT `fk_aspnetuserroles_usuario` FOREIGN KEY (`UserId`) REFERENCES `aspnetusers` (`Id`);

--
-- Constraints for table `aspnetusers`
--
ALTER TABLE `aspnetusers`
  ADD CONSTRAINT `fk_perfil2` FOREIGN KEY (`PerfilId`) REFERENCES `perfiles` (`Id`) ON DELETE NO ACTION ON UPDATE NO ACTION;

--
-- Constraints for table `citas`
--
ALTER TABLE `citas`
  ADD CONSTRAINT `fk_citas_estatus` FOREIGN KEY (`EstatusCitaId`) REFERENCES `estatuscitas` (`Id`),
  ADD CONSTRAINT `fk_citas_proveedor` FOREIGN KEY (`ProveedorId`) REFERENCES `proveedores` (`Id`) ON DELETE NO ACTION ON UPDATE NO ACTION,
  ADD CONSTRAINT `fk_citas_usuario` FOREIGN KEY (`UsuarioIdTx`) REFERENCES `aspnetusers` (`Id`);

--
-- Constraints for table `crs`
--
ALTER TABLE `crs`
  ADD CONSTRAINT `fk_crs_cita` FOREIGN KEY (`CitaId`) REFERENCES `citas` (`Id`) ON DELETE NO ACTION ON UPDATE NO ACTION;

--
-- Constraints for table `cuentaproveedores`
--
ALTER TABLE `cuentaproveedores`
  ADD CONSTRAINT `fk_cuetnasprov` FOREIGN KEY (`CuentaId`) REFERENCES `cuentas` (`Id`) ON DELETE NO ACTION ON UPDATE NO ACTION;

--
-- Constraints for table `cuentas`
--
ALTER TABLE `cuentas`
  ADD CONSTRAINT `fk_cuentas_usuario` FOREIGN KEY (`UsuarioIdTx`) REFERENCES `aspnetusers` (`Id`);

--
-- Constraints for table `cuentasmensajes`
--
ALTER TABLE `cuentasmensajes`
  ADD CONSTRAINT `fk_cuentasmensajes_cuenta` FOREIGN KEY (`CuentaId`) REFERENCES `cuentas` (`Id`),
  ADD CONSTRAINT `fk_cuentasmensajes_mensaje` FOREIGN KEY (`MensajeId`) REFERENCES `mensajes` (`Id`),
  ADD CONSTRAINT `fk_cuentasmensajes_usuario` FOREIGN KEY (`UsuarioId`) REFERENCES `aspnetusers` (`Id`);

--
-- Constraints for table `cuentasusuarios`
--
ALTER TABLE `cuentasusuarios`
  ADD CONSTRAINT `fk_cuentas` FOREIGN KEY (`CuentaId`) REFERENCES `cuentas` (`Id`) ON DELETE NO ACTION ON UPDATE NO ACTION,
  ADD CONSTRAINT `fk_usuarios` FOREIGN KEY (`UsuarioId`) REFERENCES `aspnetusers` (`Id`) ON DELETE NO ACTION ON UPDATE NO ACTION;

--
-- Constraints for table `etiquetas`
--
ALTER TABLE `etiquetas`
  ADD CONSTRAINT `fk_etiquetas_proveedores` FOREIGN KEY (`ProveedorId`) REFERENCES `proveedores` (`Id`) ON DELETE NO ACTION ON UPDATE NO ACTION;

--
-- Constraints for table `facturas`
--
ALTER TABLE `facturas`
  ADD CONSTRAINT `fk_facturas_proveedores` FOREIGN KEY (`proveedor_id`) REFERENCES `proveedores` (`Id`) ON DELETE NO ACTION ON UPDATE NO ACTION;

--
-- Constraints for table `horariorieles`
--
ALTER TABLE `horariorieles`
  ADD CONSTRAINT `fk_horariorieles_citas` FOREIGN KEY (`CitaId`) REFERENCES `citas` (`Id`),
  ADD CONSTRAINT `fk_horariorieles_horarios` FOREIGN KEY (`HorarioId`) REFERENCES `horarios` (`Id`),
  ADD CONSTRAINT `fk_horariorieles_rieles` FOREIGN KEY (`AlmacenRielId`) REFERENCES `rieles` (`Id`);

--
-- Constraints for table `mensajes`
--
ALTER TABLE `mensajes`
  ADD CONSTRAINT `fk_mensajes_usuario` FOREIGN KEY (`UsuarioIdTx`) REFERENCES `aspnetusers` (`Id`);

--
-- Constraints for table `niveleseervicio`
--
ALTER TABLE `niveleseervicio`
  ADD CONSTRAINT `fk_nivelservicio_proveedor` FOREIGN KEY (`ProveedorId`) REFERENCES `proveedores` (`Id`) ON DELETE NO ACTION ON UPDATE NO ACTION;

--
-- Constraints for table `ordencompra`
--
ALTER TABLE `ordencompra`
  ADD CONSTRAINT `fk_ordencompra_proveedor` FOREIGN KEY (`ProveedorId`) REFERENCES `proveedores` (`Id`);

--
-- Constraints for table `ordencompradetalle`
--
ALTER TABLE `ordencompradetalle`
  ADD CONSTRAINT `fk_ordencompradetalle_parent` FOREIGN KEY (`SapOrdenCompraId`) REFERENCES `ordencompra` (`Id`);

--
-- Constraints for table `perfiles`
--
ALTER TABLE `perfiles`
  ADD CONSTRAINT `fk_cuenta` FOREIGN KEY (`CuentaId`) REFERENCES `cuentas` (`Id`);

--
-- Constraints for table `perfilesroles`
--
ALTER TABLE `perfilesroles`
  ADD CONSTRAINT `fk_perfilesroles_perfil` FOREIGN KEY (`PerfilId`) REFERENCES `perfiles` (`Id`),
  ADD CONSTRAINT `fk_role` FOREIGN KEY (`RoleId`) REFERENCES `aspnetroles` (`Id`);

--
-- Constraints for table `proveedores`
--
ALTER TABLE `proveedores`
  ADD CONSTRAINT `fk_proveedores_cuenta` FOREIGN KEY (`CuentaId`) REFERENCES `cuentas` (`Id`);

--
-- Constraints for table `rieles`
--
ALTER TABLE `rieles`
  ADD CONSTRAINT `fk_rieles_anden` FOREIGN KEY (`AndenId`) REFERENCES `andenes` (`Id`);

/*!40101 SET CHARACTER_SET_CLIENT=@OLD_CHARACTER_SET_CLIENT */;
/*!40101 SET CHARACTER_SET_RESULTS=@OLD_CHARACTER_SET_RESULTS */;
/*!40101 SET COLLATION_CONNECTION=@OLD_COLLATION_CONNECTION */;
